filename,width,height,class,xmin,ymin,xmax,ymax
4620693218556181706-a773458aae9b8d318a11c5d864413266-22031109_JPG.rf.a5cac7e2ba902de1fb3aab55bcf2f210.jpg,416,416,Dark Roast,88,31,315,161
4620693218556181706-a773458aae9b8d318a11c5d864413266-22031109_JPG.rf.a5cac7e2ba902de1fb3aab55bcf2f210.jpg,416,416,Raw,69,164,348,368
DSC02933_JPG.rf.a570d366be74047da3f0a6ed9580fc4a.jpg,416,416,Medium Roast,10,183,306,356
LINE_ALBUM_220329_33_jpg.rf.a741358fb9dd03ad9b477c80eb3ce52f.jpg,416,416,Dark Roast,10,82,339,416
4620693218556181731-421ae324758caa78a503b1ac0bec65a6-22031110_JPG.rf.a6343f5953e31792d4dbe85c48de411d.jpg,416,416,Raw,155,170,302,212
DSC03085_JPG.rf.a6daacfe82ac66f9816f20ca98b37a08.jpg,416,416,Dark Roast,46,50,416,176
DSC02929_JPG.rf.a95644ff7719baa0c952c806c69107ad.jpg,416,416,Medium Roast,21,156,408,283
DSC02850_JPG.rf.a7f5e3b7b4a2e4b15519a5cae48abdb5.jpg,416,416,Medium Roast,7,63,390,303
LINE_ALBUM_220322_45_jpg.rf.a5f8ab227eaca285cb6c754389f188ec.jpg,416,416,Raw,104,8,416,416
LINE_ALBUM_220329_147_jpg.rf.a746394ac0e865f653c2e42c77f7181a.jpg,416,416,Medium Roast,4,1,373,392
DSC03265_JPG.rf.a70fa279f30708ae6dae08f00426eb97.jpg,416,416,Raw,1,122,266,283
LINE_ALBUM_220329_74_jpg.rf.a8dac1cc1dc45014c908eb2dc04c566e.jpg,416,416,Medium Roast,7,34,409,367
LINE_ALBUM_220327_102_jpg.rf.a8706c4627ef3236fd92c609f0b17396.jpg,416,416,Raw,1,69,416,364
LINE_ALBUM_220329_6_0_jpg.rf.a9b92b659f2077db23ae9200cf55639d.jpg,416,416,Dark Roast,0,94,416,320
DSC02958_JPG.rf.a8b8534731a689e98e5fb0700ea5b11b.jpg,416,416,Medium Roast,7,179,242,412
DSC02883_JPG.rf.a979ef3dc5af0ae6d9db2613e6e88318.jpg,416,416,Medium Roast,47,74,367,248
LINE_ALBUM_220322_34_jpg.rf.a91c8d7bb609ace81b2873a85d2daffe.jpg,416,416,Raw,150,0,416,416
DSC03076_JPG.rf.a990c4ced3fb1beb53edf73fb92ea385.jpg,416,416,Dark Roast,243,7,416,157
4620693218556181731-066d17b8ea9befaea79100f08f031219-22031109_JPG.rf.ab16c5b7835d75392f5ee3fe5fc23f59.jpg,416,416,Raw,137,73,334,321
DSC03106_JPG.rf.ab9ab92025820ec75c8786cbd30949e2.jpg,416,416,Dark Roast,42,114,415,254
DSC03084_JPG.rf.ab9b245be8132bce2559a02483edcb17.jpg,416,416,Dark Roast,87,35,416,244
DSC03490_JPG.rf.ab09b268a1b5347fa6cdb6eab45563ab.jpg,416,416,Raw,136,179,415,415
4620693218556181757-fe397977e319f2a8c64aef920352d6f8-22031110_JPG.rf.aa2d82ea1f84960605034b699d7a7549.jpg,416,416,Medium Roast,98,74,370,306
DSC02855_JPG.rf.abe4f089271d37bc5d00d30a59306f77.jpg,416,416,Medium Roast,0,0,235,220
DSC03275_JPG.rf.ab5842ac9a9ddad7dd118e16dee932d6.jpg,416,416,Raw,2,173,321,385
LINE_ALBUM_220327_60_jpg.rf.afa36e0c36e1878a1ac95ab6bfb9a196.jpg,416,416,Raw,1,25,416,400
LINE_ALBUM_220329_54_jpg.rf.ac637d93f2351db0344be4f49dd34f18.jpg,416,416,Medium Roast,9,29,416,337
DSC03233_JPG.rf.ade0532650bb1d6ed85a7c30ab4a4575.jpg,416,416,Dark Roast,0,160,416,289
4620693218556181706-3ed620c20b10e3c9246dde6f612c2f43-22031109_JPG.rf.aeadf436d6e06630970e1459d3bf646e.jpg,416,416,Dark Roast,127,164,247,235
DSC02999_JPG.rf.ad8c5c039a07c76877d915d77b353075.jpg,416,416,Medium Roast,20,168,371,316
DSC02983_JPG.rf.b01ea1b3f9da0f2b4496a34a5c4a46ed.jpg,416,416,Medium Roast,56,169,416,393
LINE_ALBUM_220329_110_jpg.rf.ac8677dabde58a3a39de30aaff2ca5be.jpg,416,416,Medium Roast,10,13,416,315
DSC02851_JPG.rf.ad6fe6d07f586b8b0202ac258b9de6e8.jpg,416,416,Medium Roast,34,70,405,329
LINE_ALBUM_220329_106_jpg.rf.ab8c5e16f5c21143413cfd60359e3886.jpg,416,416,Dark Roast,55,1,416,416
DSC03061_JPG.rf.acf27d39f9903fe8a9d7a5b2454c6591.jpg,416,416,Dark Roast,191,125,354,197
DSC03214_JPG.rf.ada0516d06339fae8ff6cf443bb475ba.jpg,416,416,Dark Roast,81,189,414,331
LINE_ALBUM_220322_5_jpg.rf.b1e1c68fe40dbca637d1b4b8b8632f9e.jpg,416,416,Raw,14,163,416,338
4620693218556181706-398734a2ee5117c204caa814bb65168e-22031109_JPG.rf.adb386c57435887b6d61322a8bcbfafa.jpg,416,416,Dark Roast,97,50,198,197
4620693218556181706-398734a2ee5117c204caa814bb65168e-22031109_JPG.rf.adb386c57435887b6d61322a8bcbfafa.jpg,416,416,Raw,76,201,193,332
LINE_ALBUM_220329_55_jpg.rf.ac624f1a061ce19d9eb9fe9cba51fb27.jpg,416,416,Medium Roast,14,53,416,325
DSC03306_JPG.rf.b09e227f58a724c013bcddda63026f28.jpg,416,416,Raw,115,136,416,323
DSC03479_JPG.rf.ac4931adb3e359c6594a0ec741bbd105.jpg,416,416,Raw,78,130,403,324
LINE_ALBUM_220327_108_jpg.rf.b0852b2dfe46d0da2ee4aa49b1ac0575.jpg,416,416,Raw,13,55,416,362
4620693218556181706-9ac98235a72250a8da8d27adf967b6ca-22031110_JPG.rf.b267d986174f4c1dd4c26cf0383d9817.jpg,416,416,Dark Roast,108,193,304,309
DSC03284_JPG.rf.b0ececc92eec8e71bd19f5a8d6d88d25.jpg,416,416,Raw,101,179,415,355
LINE_ALBUM_220322_21_jpg.rf.b23ab292e58662b1c35a269e679370fe.jpg,416,416,Raw,3,157,267,415
DSC02832_JPG.rf.ac458a20ffb94936df0c64ed5cb596c3.jpg,416,416,Medium Roast,107,73,415,335
LINE_ALBUM_220327_147_jpg.rf.b0b2736e1f8298a8e5f95f785de548cc.jpg,416,416,Raw,12,105,355,265
DSC03119_JPG.rf.b35cbee1966a98b8d6405e0f54d16f0c.jpg,416,416,Dark Roast,240,120,394,197
DSC03326_JPG.rf.b367e1bb49dee936cb6f0f8c00cf8eeb.jpg,416,416,Raw,123,192,221,239
LINE_ALBUM_220329_115_jpg.rf.b1d7c03853cd9118f3e219090cfe5940.jpg,416,416,Dark Roast,0,2,416,415
LINE_ALBUM_220327_118_jpg.rf.b1720af65b806e45e359340037cf4fc5.jpg,416,416,Raw,3,75,343,328
DSC03277_JPG.rf.b4836a678dbf9b03f626841ca81d8bd8.jpg,416,416,Raw,67,111,389,336
LINE_ALBUM_220329_97_jpg.rf.b36e568e20dce2c7d427754a95e1c9eb.jpg,416,416,Medium Roast,3,29,416,277
LINE_ALBUM_220329_4_jpg.rf.b2a92e08860fb9c4ec4a4d151b57375a.jpg,416,416,Dark Roast,1,37,414,255
DSC02990_JPG.rf.b8a9ad00a69db991cb428aea4fef8a53.jpg,416,416,Medium Roast,32,174,373,365
DSC02882_JPG.rf.b23135a4481d1ed936d92c249361c9aa.jpg,416,416,Medium Roast,10,100,269,341
LINE_ALBUM_220329_31_0_jpg.rf.afc182fc6e93ccc6e4fe85f9fbf91c55.jpg,416,416,Dark Roast,1,0,416,195
LINE_ALBUM_220329_63_jpg.rf.b295a7b0bc6cc79384ed306e1b718ab1.jpg,416,416,Medium Roast,31,22,416,366
LINE_ALBUM_220329_45_0_jpg.rf.bb4e2d1e3993b41d9ac7ba2f2091d5e0.jpg,416,416,Medium Roast,96,49,353,358
DSC03135_JPG.rf.b47b6d3fea33a76277bab0ffbaaa72a0.jpg,416,416,Dark Roast,67,48,415,254
LINE_ALBUM_220327_76_jpg.rf.b54aeac3883d392358b97bf1ba9dd150.jpg,416,416,Raw,23,49,414,336
DSC03450_JPG.rf.b620e26355c28fd50439a7264a830b3c.jpg,416,416,Raw,0,107,313,181
LINE_ALBUM_220329_32_0_jpg.rf.b9fd012cc0908439dc4b03b06ab93f0c.jpg,416,416,Medium Roast,123,62,311,356
DSC03186_JPG.rf.b4be9406abe73cca30c01592f0b75859.jpg,416,416,Dark Roast,2,240,344,389
LINE_ALBUM_220329_27_0_jpg.rf.b585bb3f57699d9011a9640ff7a29035.jpg,416,416,Dark Roast,0,43,416,296
DSC03043_JPG.rf.bac6f86d52ba4007fabcb6ff4aae3776.jpg,416,416,Dark Roast,74,180,406,248
4620693218556181757-0c8dd597359a7623696f1ef7d2636b33-22031110_JPG.rf.bb6dc944eaaee77ddf535392655bbaf8.jpg,416,416,Medium Roast,124,83,318,210
DSC03491_JPG.rf.b9160d7273f561728b27e4782b1714c1.jpg,416,416,Raw,148,145,416,390
4620693218556181731-5815f485bf11a73d12d5bb7fd881ab57-22031109_JPG.rf.bf02d13da40287c43c10096f2713ac06.jpg,416,416,Raw,147,252,306,341
LINE_ALBUM_220329_71_jpg.rf.bf1798fc264a3fc525a2eb0f3a0306c9.jpg,416,416,Dark Roast,8,38,382,391
LINE_ALBUM_220327_163_jpg.rf.bbbfbcb460a7e9fe825825c4d018653e.jpg,416,416,Raw,0,221,416,416
LINE_ALBUM_220329_14_jpg.rf.b82172d4943606efd7ce35897a1968f9.jpg,416,416,Medium Roast,99,21,342,376
LINE_ALBUM_220327_83_jpg.rf.bdb4250878c7f4e2605c051728ac2967.jpg,416,416,Raw,2,34,416,335
DSC02989_JPG.rf.be8ca93f94dbaf9b0513ef9e911724c0.jpg,416,416,Medium Roast,29,162,380,356
DSC03303_JPG.rf.bf7f4eff4cb93588986aa24e0430933e.jpg,416,416,Raw,13,182,400,344
DSC03164_JPG.rf.b89c84b2b8e595b9fff4da04278dbc2b.jpg,416,416,Dark Roast,3,193,370,282
DSC02889_JPG.rf.bd9a3e81f164bfeb275c02986fd4d0e0.jpg,416,416,Medium Roast,120,101,281,210
DSC03060_JPG.rf.ba35455f0ecc12cdcec006ec7c87ec1b.jpg,416,416,Dark Roast,161,131,327,204
DSC03269_JPG.rf.bfeea42c027b3a7bc5c06ecd06c30cba.jpg,416,416,Raw,29,181,189,248
4620693218556181757-b428e88ec8cb7fdf71549e5588673ab1-22031110_JPG.rf.b91f37e023057f1c389f00ecadd1121a.jpg,416,416,Medium Roast,108,66,360,365
DSC02977_JPG.rf.bc10e83d4e5018b10bc0fd61e47f740d.jpg,416,416,Medium Roast,42,160,399,365
DSC03054_JPG.rf.baf58d4e0cf66dac3d4ed95c138ac1e6.jpg,416,416,Dark Roast,58,108,408,286
LINE_ALBUM_220322_39_jpg.rf.bfe4dfd30d4cbed623da591dbaf00fc4.jpg,416,416,Raw,73,1,350,416
DSC03068_JPG.rf.bcedeca25f4f582ee5c6e8506967ff15.jpg,416,416,Dark Roast,120,88,415,223
DSC02932_JPG.rf.bdf367aee03418fb5cf63daca721f266.jpg,416,416,Medium Roast,1,175,260,332
LINE_ALBUM_220329_88_jpg.rf.bf9b99ea981c7e26bec5a7e334f52bb3.jpg,416,416,Medium Roast,2,32,416,370
4620693218556181731-5e01183879da8f420b3d4126fa43fdb2-22031109_JPG.rf.c0f2bb73e87fdd4574d3dbebeb828515.jpg,416,416,Raw,151,248,302,335
LINE_ALBUM_220329_138_jpg.rf.bf11805e4e825fc3c8d0e2941f279281.jpg,416,416,Dark Roast,43,236,334,349
LINE_ALBUM_220329_72_jpg.rf.c103701df3aeee8a228f073ef341ac58.jpg,416,416,Medium Roast,7,54,330,359
DSC03108_JPG.rf.c019c8d3ad063f75471b3af54f1336bf.jpg,416,416,Dark Roast,118,98,415,247
LINE_ALBUM_220329_109_jpg.rf.c0db6453ddfac295d460d76ddf12be50.jpg,416,416,Light Roast,32,0,312,154
LINE_ALBUM_220329_109_jpg.rf.c0db6453ddfac295d460d76ddf12be50.jpg,416,416,Dark Roast,116,247,416,416
DSC03048_JPG.rf.c1aa8d4b02bfb5e1ae749578d5c7ebb8.jpg,416,416,Dark Roast,40,75,415,249
LINE_ALBUM_220327_58_jpg.rf.c141491162d7a93c9cf703945373325e.jpg,416,416,Raw,19,41,416,366
LINE_ALBUM_220329_156_jpg.rf.c0c03489db5224b0041debef8e60f346.jpg,416,416,Medium Roast,27,254,416,416
LINE_ALBUM_220322_30_jpg.rf.c2bde7d621db343d2121e5c085e6c857.jpg,416,416,Raw,122,4,416,416
DSC03200_JPG.rf.bffbaf227347b46100fb9ad8cf6b68c2.jpg,416,416,Dark Roast,9,235,416,416
DSC02843_JPG.rf.c152db543c1fccb1f2a60a1f8f1c1724.jpg,416,416,Medium Roast,157,103,416,312
DSC03089_JPG.rf.c0a25df313ab9e6540d5d6d1e8ff20f4.jpg,416,416,Dark Roast,197,0,415,184
LINE_ALBUM_220327_124_jpg.rf.c04da2c612d7f6a67baa7151a8c30b46.jpg,416,416,Raw,68,7,344,156
LINE_ALBUM_220327_124_jpg.rf.c04da2c612d7f6a67baa7151a8c30b46.jpg,416,416,Raw,47,220,356,405
LINE_ALBUM_220329_104_jpg.rf.c2c691f3c1d3c905d5bbf4104108cbe3.jpg,416,416,Medium Roast,1,49,416,296
DSC02975_JPG.rf.c033c4455a4f6034ce4b3532c5a5b15e.jpg,416,416,Medium Roast,6,134,348,366
DSC03140_JPG.rf.c27fc2e4090a723d1556b8a7a1a35375.jpg,416,416,Dark Roast,0,70,416,256
DSC03472_JPG.rf.c26c8308fd9b6dc3159cabc657513f3f.jpg,416,416,Raw,132,167,412,304
DSC03136_JPG.rf.c3adb3d01731d0fc597f415ca5bd195e.jpg,416,416,Dark Roast,87,47,416,224
LINE_ALBUM_220329_4_jpg.rf.c4b138e0842ffaba0a6da34454a42843.jpg,416,416,Medium Roast,102,56,357,389
DSC02845_JPG.rf.c361c3000e7551647f59e109da45f7cf.jpg,416,416,Medium Roast,109,53,415,219
DSC03070_JPG.rf.c41a9d0915a952fae9e63947f7e47527.jpg,416,416,Dark Roast,205,100,416,310
LINE_ALBUM_220329_50_jpg.rf.c40ef260fbb91821de12c64fc83818dd.jpg,416,416,Dark Roast,4,2,416,416
LINE_ALBUM_220327_89_jpg.rf.c39a6eeae9dc3fd54b30d8ee2b539a1f.jpg,416,416,Raw,7,65,416,315
DSC03139_JPG.rf.c43d609efbe463c84ed53e844b402aeb.jpg,416,416,Dark Roast,17,87,416,252
LINE_ALBUM_220329_30_0_jpg.rf.c543969f0efce378b535147a4e42d52f.jpg,416,416,Medium Roast,45,2,411,350
DSC03431_JPG.rf.c53e00a66965782f986d9988b3d8b498.jpg,416,416,Raw,157,193,416,416
DSC02966_JPG.rf.c7572bf1d35c6e3f10e3ee2bc12e705d.jpg,416,416,Medium Roast,0,94,395,329
LINE_ALBUM_220329_93_jpg.rf.c61482252e11e25ad5eb18eca748289a.jpg,416,416,Dark Roast,3,28,409,370
LINE_ALBUM_220329_5_0_jpg.rf.c3780b2132cc562a5f46c2dcdde52fcc.jpg,416,416,Medium Roast,0,59,416,361
DSC02991_JPG.rf.c2e23a16576cbce7fd1dcdf22f77b305.jpg,416,416,Medium Roast,2,65,344,307
DSC03161_JPG.rf.cabcfd6f7507953cb2d4461a041fc37a.jpg,416,416,Dark Roast,3,107,359,184
DSC03209_JPG.rf.c921c6e63f8d790e2fe0b1b592e9a19f.jpg,416,416,Dark Roast,0,208,213,379
DSC03359_JPG.rf.c284fbf553827866d6073cffaa194219.jpg,416,416,Raw,135,169,277,238
LINE_ALBUM_220329_12_0_jpg.rf.c7fb2358b761957bc84c16affc659f48.jpg,416,416,Dark Roast,64,52,416,311
4620693218556181706-112184f89db591fc425c1a8f3ed8f68c-22031110_JPG.rf.c8a3403cd5e7b2368d6fd086d5b712dd.jpg,416,416,Dark Roast,176,85,269,160
4620693218556181706-112184f89db591fc425c1a8f3ed8f68c-22031110_JPG.rf.c8a3403cd5e7b2368d6fd086d5b712dd.jpg,416,416,Raw,172,163,269,216
DSC03412_JPG.rf.c59cba623e268fe24e6641d2470d588a.jpg,416,416,Raw,8,206,345,278
DSC03095_JPG.rf.c5a602f3043fb4be7ec4a92d595ffbe3.jpg,416,416,Dark Roast,52,98,416,233
DSC02927_JPG.rf.c544eeb3e39b08a7bfaef42fea1d687f.jpg,416,416,Medium Roast,14,173,409,320
LINE_ALBUM_220327_97_jpg.rf.c82ae91526d8e06e3b6eed96798c0372.jpg,416,416,Raw,10,12,408,393
LINE_ALBUM_220322_36_jpg.rf.c7b0fa9632bb9526afb27892abde5e7b.jpg,416,416,Raw,69,0,403,378
LINE_ALBUM_220329_121_jpg.rf.cd39537e9b8db8237ec28ea16f3b4c48.jpg,416,416,Medium Roast,30,108,364,366
DSC03191_JPG.rf.c30676a50b3d96f50de8eb13a8bc4d91.jpg,416,416,Dark Roast,0,260,224,416
DSC02946_JPG.rf.cc62820dbdf1641bc36551d7b76f2dfd.jpg,416,416,Medium Roast,144,107,416,331
LINE_ALBUM_220329_149_jpg.rf.ccaf474c2f9b30756f0c5ebb4dd76ed3.jpg,416,416,Medium Roast,0,0,415,391
DSC03147_JPG.rf.c9c4c8a9f3f0c824cd061968ec79a1d5.jpg,416,416,Dark Roast,43,49,416,252
LINE_ALBUM_220329_129_jpg.rf.cabe2a51bec803ac6925c9f1a88d3acd.jpg,416,416,Dark Roast,115,187,390,335
LINE_ALBUM_220327_125_jpg.rf.cac9804da5caa599d8f3d61ac553c201.jpg,416,416,Raw,21,141,388,312
DSC03304_JPG.rf.cc27f0b4a8eea7d782d4f87a12dd6bc1.jpg,416,416,Raw,129,110,416,283
DSC02943_JPG.rf.ccbee227ffff71fbd7619919ffa49924.jpg,416,416,Medium Roast,140,114,416,330
DSC03305_JPG.rf.c94155f6289b84168d6438b411d0fa79.jpg,416,416,Raw,122,130,415,297
DSC02813_JPG.rf.cd1d5f221cf7e564f08e961c45432ce1.jpg,416,416,Medium Roast,10,171,416,255
DSC03067_JPG.rf.c985542c557e93f4cf3a29881c7adaaa.jpg,416,416,Dark Roast,59,23,416,215
DSC02877_JPG.rf.cc726e55cde8ec409ee3a0d0689c753f.jpg,416,416,Medium Roast,4,109,266,313
LINE_ALBUM_220329_1_jpg.rf.cdb43cdfc8e7e31143ca337867f3ab7b.jpg,416,416,Medium Roast,83,32,344,411
DSC03238_JPG.rf.cd9a3b216a9703b3fc6221a8c4fffa31.jpg,416,416,Dark Roast,0,139,282,264
LINE_ALBUM_220329_139_jpg.rf.caf2b808cdd8d1ea2a81a7080d5bae77.jpg,416,416,Medium Roast,49,27,416,416
LINE_ALBUM_220327_65_jpg.rf.cd7984549caf02183185166f62d0e83d.jpg,416,416,Raw,7,37,416,378
LINE_ALBUM_220329_1_0_jpg.rf.c9f1b2804962cb4d2da2f73bdb4e6f5e.jpg,416,416,Medium Roast,2,81,416,404
DSC03080_JPG.rf.ce6e3c186cb39cb22d26d71a1a64a064.jpg,416,416,Dark Roast,120,94,416,235
DSC03428_JPG.rf.cf25d08e8a9b24a46709bfed9558073d.jpg,416,416,Raw,24,13,416,260
DSC02820_JPG.rf.cf33a0bc96475d105ba3c9c851b17189.jpg,416,416,Medium Roast,127,137,280,200
LINE_ALBUM_220329_114_jpg.rf.cdf3deddb0d863297775668079158be2.jpg,416,416,Medium Roast,77,7,389,372
DSC03023_JPG.rf.d0530b0367bbf4a4909e93d7a6919c96.jpg,416,416,Dark Roast,0,203,367,343
DSC02938_JPG.rf.d23e81c84959eb8bd0e91b1187aedcdb.jpg,416,416,Medium Roast,0,90,416,349
DSC02886_JPG.rf.cf96e4509e81a3dca7077227a382a5c5.jpg,416,416,Medium Roast,86,75,393,224
DSC03015_JPG.rf.cfa219e76c024e9ee84a529483eee0b6.jpg,416,416,Medium Roast,150,176,342,301
DSC03092_JPG.rf.ca89dd3aa7aba976ac6090a046b4c2da.jpg,416,416,Dark Roast,241,42,416,186
LINE_ALBUM_220329_72_jpg.rf.cf1e3819f117c18bf2c593ed31295c23.jpg,416,416,Dark Roast,2,33,416,377
DSC02860_JPG.rf.d0cb766635355e5de45086f1bb57d4ee.jpg,416,416,Medium Roast,129,113,293,223
DSC03040_JPG.rf.d22b2445a53b502bcc4ffafd960d481d.jpg,416,416,Dark Roast,130,203,322,235
LINE_ALBUM_220327_59_jpg.rf.d0ab4a242da368147e52d2feb6b4735d.jpg,416,416,Raw,4,90,416,394
LINE_ALBUM_220327_160_jpg.rf.d2211106a9165f319723ff7f61888376.jpg,416,416,Raw,25,157,292,348
LINE_ALBUM_220329_103_jpg.rf.d39e3a5cdce5e90dfa7ce91b05a09531.jpg,416,416,Dark Roast,1,12,409,376
LINE_ALBUM_220329_63_jpg.rf.d0e05c549aaf10841a36f9cbe79ae1ab.jpg,416,416,Dark Roast,4,35,416,340
LINE_ALBUM_220329_48_0_jpg.rf.d41ae82c1d60c60c7d17c53e85a56ee8.jpg,416,416,Medium Roast,110,43,359,384
DSC02834_JPG.rf.d4973a133863ba4463a6eb4549d97fc1.jpg,416,416,Medium Roast,111,121,322,234
DSC02814_JPG.rf.d35f70bba87e1d8c708b644f661eff2f.jpg,416,416,Medium Roast,0,170,415,261
LINE_ALBUM_220329_32_jpg.rf.d45e5a216691125b0df1283170cdcd31.jpg,416,416,Medium Roast,70,7,355,360
LINE_ALBUM_220329_90_jpg.rf.d33b19d92937c12967b85a0612508bf3.jpg,416,416,Medium Roast,2,54,406,379
LINE_ALBUM_220329_84_jpg.rf.d768828dce7e7cd2205680bd295916ab.jpg,416,416,Dark Roast,3,32,416,339
DSC03279_JPG.rf.d2ddea84f34aa5e9c9c7ca4cd9373ded.jpg,416,416,Raw,1,65,309,332
DSC02925_JPG.rf.d6aaf239f595881668ca90de26aa5cd2.jpg,416,416,Medium Roast,10,165,379,286
DSC03414_JPG.rf.d125b414ab3ba55485bce06a067a7d02.jpg,416,416,Raw,47,71,416,222
DSC02878_JPG.rf.d5b1754dce3655a87723521bf8a65f2c.jpg,416,416,Medium Roast,5,75,363,296
DSC03435_JPG.rf.d4a6ed8c40eada31dfc22dd88534d2b7.jpg,416,416,Raw,104,143,416,331
DSC03401_JPG.rf.d1677b04cc1f31ad6f3166ce700aed17.jpg,416,416,Raw,6,155,416,390
DSC02963_JPG.rf.d168c234a67be1b9b954c83f41e1c605.jpg,416,416,Medium Roast,2,115,260,335
LINE_ALBUM_220329_142_jpg.rf.d57c5aae9fa71ce8bd21c96824741625.jpg,416,416,Dark Roast,44,118,407,385
LINE_ALBUM_220329_95_jpg.rf.d040513e84bf66ce293dc35930e29e2d.jpg,416,416,Medium Roast,1,48,416,297
DSC03358_JPG.rf.d59b7247e498395f92419b05b85eb2de.jpg,416,416,Raw,133,171,278,241
DSC02840_JPG.rf.d4785475f3ac3c5b8b6615713f005201.jpg,416,416,Medium Roast,79,90,415,285
LINE_ALBUM_220329_22_0_jpg.rf.d6ea36605cdda6a70878d2cf0b781803.jpg,416,416,Dark Roast,0,152,416,416
LINE_ALBUM_220329_40_jpg.rf.d36d853895a6d9552c2b421c4c1c8911.jpg,416,416,Dark Roast,65,27,416,343
4620693218556181731-c7a008c7d85065f68c4a294e5c3a6922-22031110_JPG.rf.d771eb36dbd8ba7bdd4f2435a545741a.jpg,416,416,Raw,108,121,370,320
LINE_ALBUM_220327_120_jpg.rf.d78ffa02301d1375bb3070e286a9b36f.jpg,416,416,Raw,10,128,415,340
DSC02979_JPG.rf.d4c65b73314459d6403da6c2119eceed.jpg,416,416,Medium Roast,67,120,415,391
DSC02931_JPG.rf.d8544715a022f4e8d796ec728e958f34.jpg,416,416,Medium Roast,0,168,249,345
DSC03056_JPG.rf.d9a458c2693c0371989af563bcedc25b.jpg,416,416,Dark Roast,184,52,416,218
DSC03171_JPG.rf.d5cb43ca0761dc499b56da7826c2004e.jpg,416,416,Dark Roast,0,188,272,260
DSC03183_JPG.rf.d7e153b4ba1c738269f67c46ae4cbc96.jpg,416,416,Dark Roast,0,206,323,374
DSC03355_JPG.rf.d83a2236cbd499f600f965fe1edceee4.jpg,416,416,Raw,143,185,279,264
DSC03157_JPG.rf.dcd43881ec6dee9ba567c2a8738902b3.jpg,416,416,Dark Roast,0,111,389,181
4620693218556181706-729b41ba46c68b6221f87b3c14668aca-22031110_JPG.rf.da92cf27609f3f125410146917e0b721.jpg,416,416,Dark Roast,131,76,274,212
4620693218556181706-729b41ba46c68b6221f87b3c14668aca-22031110_JPG.rf.da92cf27609f3f125410146917e0b721.jpg,416,416,Raw,117,236,285,311
DSC02900_JPG.rf.da0b48be83cea412ab946657da90081c.jpg,416,416,Medium Roast,175,205,340,287
DSC02937_JPG.rf.dcd560df712a7c2b881701a7a9c6fdcb.jpg,416,416,Medium Roast,1,67,415,330
DSC03039_JPG.rf.decc7e1552ddeb18b4b7dbcd3470f85c.jpg,416,416,Dark Roast,101,229,246,279
LINE_ALBUM_220329_61_jpg.rf.d79ced3493875d4afa8eea85ff593d32.jpg,416,416,Medium Roast,8,35,416,386
LINE_ALBUM_220329_53_jpg.rf.dc39feebcfd51ef548c074cc54e7f49e.jpg,416,416,Medium Roast,9,14,416,338
LINE_ALBUM_220329_91_jpg.rf.da09ee8a6a0bb487ecde27093fd19b74.jpg,416,416,Medium Roast,2,26,416,375
DSC03193_JPG.rf.d8a5fdc9b3586ab91e1dd4ea73d36619.jpg,416,416,Dark Roast,1,265,315,416
DSC03096_JPG.rf.dda8b681a25e2ac0a1ecd4c67263e907.jpg,416,416,Dark Roast,102,91,416,208
DSC02935_JPG.rf.d9b12203f0273c376fc99860070e1101.jpg,416,416,Medium Roast,32,71,416,325
DSC03276_JPG.rf.defcb14722ea330b3f21117077096a43.jpg,416,416,Raw,55,184,328,318
4620693218556181706-a9a067b72bc867efc040c648826429f0-22031109_JPG.rf.d90e920a89842ab2d7465f6aecda66ca.jpg,416,416,Dark Roast,98,121,226,235
4620693218556181706-a9a067b72bc867efc040c648826429f0-22031109_JPG.rf.d90e920a89842ab2d7465f6aecda66ca.jpg,416,416,Raw,92,243,234,313
LINE_ALBUM_220327_71_jpg.rf.daf33857d40411111e115083d78e3334.jpg,416,416,Raw,5,31,416,389
LINE_ALBUM_220329_46_jpg.rf.d96b0ddb331c02fbc15464f48e44408f.jpg,416,416,Dark Roast,42,42,410,374
DSC03030_JPG.rf.de52d16beb6dedf71de11a60de824e36.jpg,416,416,Dark Roast,91,217,249,276
DSC03073_JPG.rf.debd9464e8d95dfc689d788b1cf3e7a8.jpg,416,416,Dark Roast,80,39,295,179
4620693218556181731-af8f39df35982434176e5715506f0bcf-22031109_JPG.rf.df84fc0ead49dd3d55b891e3a52f9f4c.jpg,416,416,Raw,24,104,415,401
DSC03267_JPG.rf.dee7a2a5ce6e62a6c3273608613ebc33.jpg,416,416,Raw,10,191,289,260
DSC03315_JPG.rf.d5b15d81fabfc31af02ea011bd88b5ab.jpg,416,416,Raw,130,194,252,248
LINE_ALBUM_220329_13_0_jpg.rf.da6d6aead326474d554a54ae2f937e8c.jpg,416,416,Medium Roast,94,0,415,396
4620693218556181706-a7073625eecdc94bc3248725f0c03c00-22031110_JPG.rf.e2bfff7543938e42d278d28fdae9ffb7.jpg,416,416,Dark Roast,226,176,249,196
4620693218556181706-a7073625eecdc94bc3248725f0c03c00-22031110_JPG.rf.e2bfff7543938e42d278d28fdae9ffb7.jpg,416,416,Raw,226,199,255,216
DSC03111_JPG.rf.e0eb804a1e9500ea4691b2ed1e7f232b.jpg,416,416,Dark Roast,217,58,416,207
DSC03253_JPG.rf.df50e76e20c3c9d4a343dc967b98b040.jpg,416,416,Raw,37,157,415,371
4620693218556181706-70abb966a4a8901068abd55e0e51f7f0-22031109_JPG.rf.d84fbff3f76aa168799e7b37623b26d2.jpg,416,416,Raw,55,288,306,405
4620693218556181706-70abb966a4a8901068abd55e0e51f7f0-22031109_JPG.rf.d84fbff3f76aa168799e7b37623b26d2.jpg,416,416,Dark Roast,73,42,317,299
DSC03245_JPG.rf.e66150909b4284eec6cddbae6229369c.jpg,416,416,Dark Roast,111,168,309,289
4620693218556181757-d44af580304c0adf422f9ccd17ae1439-22031110_JPG.rf.ded3fee7cc5492fa49ffd232453560ac.jpg,416,416,Medium Roast,157,183,275,236
4620693218556181757-d44af580304c0adf422f9ccd17ae1439-22031110_JPG.rf.ded3fee7cc5492fa49ffd232453560ac.jpg,416,416,Raw,159,238,270,279
DSC03353_JPG.rf.e3101951c878165c30bfa3c28dc3835c.jpg,416,416,Raw,153,176,296,251
DSC02972_JPG.rf.de2b3f737ac16c483def38b873cbd69e.jpg,416,416,Medium Roast,21,142,378,318
LINE_ALBUM_220329_8_0_jpg.rf.e2f42d51d01b9de61970ddf46c1953ba.jpg,416,416,Dark Roast,0,42,416,416
DSC02899_JPG.rf.dfa02cd1fd7005003d44d482ee25e609.jpg,416,416,Medium Roast,144,206,306,290
LINE_ALBUM_220322_11_jpg.rf.de6df66dbe251ef4aa49f4365b4109ce.jpg,416,416,Raw,56,84,373,361
4620693218556181731-3ac0a1d332069ab27a37d2cf6ce5d877-22031109_JPG.rf.e4b279bf9cec273039b99beda02cc765.jpg,416,416,Raw,226,237,332,289
DSC03430_JPG.rf.e39625671762fc60f65f032830f3094c.jpg,416,416,Raw,140,165,416,363
4620693218556181757-3b00151356633f3e6c0f3e8b559791f6-22031109_JPG.rf.e05393961e2262f92c16f370ae090c4b.jpg,416,416,Raw,3,111,182,263
4620693218556181757-3b00151356633f3e6c0f3e8b559791f6-22031109_JPG.rf.e05393961e2262f92c16f370ae090c4b.jpg,416,416,Medium Roast,208,109,366,372
4620693218556181757-a3bd60b884ea7d311f10a1814b00b05b-22031110_JPG.rf.e5c20a9ce6f0558c68a98851d5e4cca0.jpg,416,416,Medium Roast,237,277,341,366
4620693218556181757-a3bd60b884ea7d311f10a1814b00b05b-22031110_JPG.rf.e5c20a9ce6f0558c68a98851d5e4cca0.jpg,416,416,Raw,342,293,415,415
DSC02912_JPG.rf.e53adafe3df73e441efa035fdc41c0b7.jpg,416,416,Medium Roast,130,147,343,329
LINE_ALBUM_220327_79_jpg.rf.e6863639329bed39c9da666671401434.jpg,416,416,Raw,0,19,416,373
DSC03062_JPG.rf.dd53dcfd3ff7761502cb7ff88618bc1e.jpg,416,416,Dark Roast,230,117,407,189
DSC03459_JPG.rf.e66b1b2d758d58e0922c38a5d6e942d7.jpg,416,416,Raw,245,230,404,309
DSC02862_JPG.rf.e84c1becb06ae4195d4f794e0817fdbe.jpg,416,416,Medium Roast,169,121,361,240
LINE_ALBUM_220329_37_jpg.rf.ea4bd9f4913237adf4aba5b013be598f.jpg,416,416,Medium Roast,68,59,311,353
DSC02895_JPG.rf.e942cc9545b5ca9552e11dee3878ad5f.jpg,416,416,Medium Roast,145,189,299,276
4620693218556181731-9992c09cad21c8217f8e03717978fea6-22031110_JPG.rf.e85f584ceb02c260e7fd884a5b80ba47.jpg,416,416,Raw,146,195,352,256
LINE_ALBUM_220329_0_0_jpg.rf.e85ceeb84ee149056c1f00d7535132c8.jpg,416,416,Medium Roast,111,101,349,338
DSC03347_JPG.rf.e5a8764eeaf3465e766733917b68d8cb.jpg,416,416,Raw,84,184,208,249
4620693218556181731-3c41ecf7fc885f388e2ab041e31046c3-22031110_JPG.rf.e8fc8096c7815226e1dfa078cc64e2e0.jpg,416,416,Raw,25,4,416,416
DSC02911_JPG.rf.e8e2d53958a9bc0b9513bd1d9726f0a6.jpg,416,416,Medium Roast,2,171,372,333
LINE_ALBUM_220327_104_jpg.rf.e74f2288d0779e2ede01a4d687f2e020.jpg,416,416,Raw,2,51,416,389
LINE_ALBUM_220329_77_jpg.rf.ebc277bda85aa1f7efe7ff085eb92c4a.jpg,416,416,Medium Roast,12,49,411,366
DSC03339_JPG.rf.e71e263ad5243d56a8eda3df95779898.jpg,416,416,Raw,114,203,213,252
4620693218556181731-f4ea75cab44a95aa17a14ca0241f8dec-22031110_JPG.rf.e8853c64aed870fe9f90524a9463595d.jpg,416,416,Raw,94,272,365,416
LINE_ALBUM_220329_9_jpg.rf.eb7b7204f1c754dcaebaab8f1235b5b7.jpg,416,416,Medium Roast,114,51,346,414
DSC03476_JPG.rf.e75f1378a7e428ba7bcb566b7b0bff09.jpg,416,416,Raw,149,222,415,415
DSC02945_JPG.rf.ea06544bb8a52b9118140cf8f1e7ad32.jpg,416,416,Medium Roast,144,66,416,328
LINE_ALBUM_220329_39_0_jpg.rf.e881807ab999aa8fcd1cce713d12a89c.jpg,416,416,Dark Roast,110,20,415,369
LINE_ALBUM_220327_135_jpg.rf.e858a9dce27d00231015de168d9d3c31.jpg,416,416,Raw,63,158,293,292
LINE_ALBUM_220329_102_jpg.rf.ea57f30685bd391f3052ebb7b31d996b.jpg,416,416,Medium Roast,1,50,416,261
LINE_ALBUM_220329_89_jpg.rf.ec10f39941f4daf8357dc0e6f840a723.jpg,416,416,Medium Roast,0,34,416,373
DSC02915_JPG.rf.ea0cd0b90f0c3cfdb3af9c074c373870.jpg,416,416,Medium Roast,68,196,265,351
LINE_ALBUM_220329_7_0_jpg.rf.e83c7aedc544a69be6f87d9eb13ca7af.jpg,416,416,Medium Roast,34,2,366,416
4620693218556181706-3fa054b29e147e2843632662e5a06969-22031109_JPG.rf.e9d694865ababf845eb1c4e611123a98.jpg,416,416,Raw,78,301,314,409
4620693218556181706-3fa054b29e147e2843632662e5a06969-22031109_JPG.rf.e9d694865ababf845eb1c4e611123a98.jpg,416,416,Dark Roast,107,47,309,299
LINE_ALBUM_220327_61_jpg.rf.e6542e28cb4acbfdc650039d71191269.jpg,416,416,Raw,0,0,406,397
DSC03173_JPG.rf.eb2b6ba552004668247fefda8aed0be8.jpg,416,416,Dark Roast,54,217,263,380
DSC03045_JPG.rf.1e3179edfdb6797fc067f243c420ee7b.jpg,416,416,Dark Roast,1,188,313,259
LINE_ALBUM_220327_134_jpg.rf.1e714d599f72d87aa57599d6b0dd1455.jpg,416,416,Raw,0,2,415,415
DSC03411_JPG.rf.1e8e398a7e8552352b70ba0ae8c0d79f.jpg,416,416,Raw,0,215,361,285
DSC03324_JPG.rf.1efd3adb07d8480ff23413b3bdf79c0c.jpg,416,416,Raw,121,198,220,239
LINE_ALBUM_220327_78_jpg.rf.1f1062c903c13e2444a26fbb6fd8c4fc.jpg,416,416,Raw,0,41,415,374
LINE_ALBUM_220329_145_jpg.rf.1f34a26a949997ef4cf7090bcfae5ab8.jpg,416,416,Dark Roast,24,133,383,392
LINE_ALBUM_220329_66_jpg.rf.1da14e2bcd2196ae5870a3c38b96c2a6.jpg,416,416,Medium Roast,0,39,416,416
LINE_ALBUM_220327_137_jpg.rf.1dc9da3211bc2eef0566850ca4175fd4.jpg,416,416,Raw,107,30,329,326
LINE_ALBUM_220327_149_jpg.rf.1e38f1e5ccff6ced15c952951e503d43.jpg,416,416,Raw,0,1,416,416
DSC03006_JPG.rf.1e6681fabd3996ffd1e5164fece31116.jpg,416,416,Medium Roast,116,143,320,267
LINE_ALBUM_220327_82_jpg.rf.1f8dfc2147f8837b6b306957e3434441.jpg,416,416,Raw,10,30,416,360
DSC03160_JPG.rf.21baa56202c9b7672bbcf6d16d02f97f.jpg,416,416,Dark Roast,9,94,377,175
4620693218556181731-12da455c0f135ad2d1e33ab6af982293-22031110_JPG.rf.1f35d7876012a14c7e9a74c20870c154.jpg,416,416,Raw,169,226,350,328
LINE_ALBUM_220329_31_0_jpg.rf.20601e8f7e7d164b2e8dbff68d8c050a.jpg,416,416,Medium Roast,99,65,349,381
LINE_ALBUM_220329_3_jpg.rf.21308877699fbbd76958dabbe00ccdab.jpg,416,416,Dark Roast,40,51,416,337
LINE_ALBUM_220329_23_jpg.rf.1dd82991d40119e4ce966f87fde04411.jpg,416,416,Medium Roast,85,53,339,390
LINE_ALBUM_220329_26_jpg.rf.21439850df4641825e4775349bde1bfd.jpg,416,416,Dark Roast,1,57,415,415
DSC03206_JPG.rf.200b8971fae2d7d30d925249c10e0425.jpg,416,416,Dark Roast,4,180,326,361
LINE_ALBUM_220322_27_jpg.rf.22da56a8612136fa950173986a776e83.jpg,416,416,Raw,143,4,416,416
DSC03272_JPG.rf.2317502696a26582b5b9ab951c95fe34.jpg,416,416,Raw,6,53,274,271
DSC02849_JPG.rf.237e4a997221e2f2d42541a2d83fdc70.jpg,416,416,Medium Roast,0,54,372,244
LINE_ALBUM_220327_162_jpg.rf.23470ce66da59d64c139a76887a41420.jpg,416,416,Raw,1,254,416,416
DSC03155_JPG.rf.2267b343f0aa810b4b232fd75adecad1.jpg,416,416,Dark Roast,82,48,415,197
DSC02847_JPG.rf.27b714d45bf6dc95da13f5befe1cc53c.jpg,416,416,Medium Roast,0,14,369,210
LINE_ALBUM_220329_126_jpg.rf.246ab06cde1500644efd0176a795a670.jpg,416,416,Medium Roast,42,94,383,328
LINE_ALBUM_220329_68_jpg.rf.23b5429a72d324b407321d2f41cbeca5.jpg,416,416,Dark Roast,0,40,416,331
4620693218556181706-19e38ac7a27b1079613141d574aa2017-22031109_JPG.rf.253a6ae44ea8e035927cd409559f812a.jpg,416,416,Dark Roast,81,71,174,155
4620693218556181706-19e38ac7a27b1079613141d574aa2017-22031109_JPG.rf.253a6ae44ea8e035927cd409559f812a.jpg,416,416,Raw,76,157,174,211
DSC03421_JPG.rf.26c0d881724fc082ade5743fb344da38.jpg,416,416,Raw,113,188,416,416
DSC03420_JPG.rf.273169e034fb4139fdd95673dd897c6c.jpg,416,416,Raw,166,163,416,338
DSC03075_JPG.rf.2794958b8a72be1b985f1decfd546dc6.jpg,416,416,Dark Roast,39,57,416,160
DSC03422_JPG.rf.23ff00666c696431210b81733ffbcb34.jpg,416,416,Raw,109,140,416,358
DSC03219_JPG.rf.242226997458a08780244fc4fa77dd13.jpg,416,416,Dark Roast,39,116,416,295
DSC03181_JPG.rf.2649ffd0a061dbd3cc09da22c6ba1040.jpg,416,416,Dark Roast,0,221,263,361
LINE_ALBUM_220329_114_jpg.rf.22c17f4b4b2ec1a12c69b43c156c59b2.jpg,416,416,Dark Roast,128,110,313,350
LINE_ALBUM_220329_38_jpg.rf.285fd400c0c3c1cee90ce8d8e402a54a.jpg,416,416,Dark Roast,3,34,415,244
LINE_ALBUM_220327_114_jpg.rf.269396bdf3d4d18051220f44914034cf.jpg,416,416,Raw,35,65,372,293
DSC03099_JPG.rf.286c067b5908e3b316aba04407e26ece.jpg,416,416,Dark Roast,0,67,350,198
DSC03004_JPG.rf.276d955448decd3f4c2815f83d4a93fe.jpg,416,416,Medium Roast,172,188,338,285
LINE_ALBUM_220329_17_jpg.rf.26756f933d45f4afdeef858548d4754a.jpg,416,416,Medium Roast,96,17,349,413
DSC03007_JPG.rf.2881557e1b89f52b64b486821a131e6f.jpg,416,416,Medium Roast,99,142,293,290
DSC03382_JPG.rf.29b750d0cc54a5370a0af59b6664b319.jpg,416,416,Raw,97,126,416,227
DSC03178_JPG.rf.28d105f394c36c19ff84cb49ad8407d2.jpg,416,416,Dark Roast,114,200,332,385
DSC02822_JPG.rf.27213b1c1ac1a759a5526b5ee4042432.jpg,416,416,Medium Roast,152,143,287,190
DSC03290_JPG.rf.249698a5bd9fd33ed562d5118b8427f1.jpg,416,416,Raw,21,96,416,325
LINE_ALBUM_220329_2_0_jpg.rf.283e783e0c3bf3d1eefc7bc9914c9fcb.jpg,416,416,Medium Roast,0,66,416,333
LINE_ALBUM_220329_20_0_jpg.rf.29456aa514986c6f760830417ee9507a.jpg,416,416,Dark Roast,0,79,416,359
DSC03378_JPG.rf.2bd383d4c679c5394cc74044111087ff.jpg,416,416,Raw,56,174,416,286
LINE_ALBUM_220329_11_jpg.rf.2a2777ae91ed3a35120d9e06452c3f1b.jpg,416,416,Medium Roast,97,38,359,394
LINE_ALBUM_220329_88_jpg.rf.256d144a428b9a00f048d496c4a88dad.jpg,416,416,Dark Roast,3,44,410,344
LINE_ALBUM_220329_26_0_jpg.rf.2c7688a1c64582f1949e52835eb88ad9.jpg,416,416,Dark Roast,1,55,416,416
4620693218556181731-3e486c8cca0e1fae58688bff1fc67d7f-22031109_JPG.rf.2e4440c5cc5ce8844591e9176010b13a.jpg,416,416,Raw,186,310,339,344
LINE_ALBUM_220327_133_jpg.rf.2634b41cf486b888c36c98c2bd1cd995.jpg,416,416,Raw,7,105,413,375
LINE_ALBUM_220329_16_0_jpg.rf.29d62893172e007966d68621ccded1e8.jpg,416,416,Dark Roast,0,27,416,146
DSC03262_JPG.rf.29ac8c6fed37c8edfb768438f9998bc1.jpg,416,416,Raw,0,150,297,309
LINE_ALBUM_220329_3_jpg.rf.2ed3ced6219bd6172a5707b58b5b372d.jpg,416,416,Medium Roast,88,67,348,398
DSC02852_JPG.rf.2b5d3c4528474767df3402a06ad7e5d0.jpg,416,416,Medium Roast,4,95,333,354
LINE_ALBUM_220329_62_jpg.rf.2e222f84ab9ef1f483bd864731a2c7f3.jpg,416,416,Medium Roast,28,40,416,381
DSC03123_JPG.rf.2e3f5e3e6fa3158612ff5a6e63f57249.jpg,416,416,Dark Roast,218,129,377,204
LINE_ALBUM_220327_109_jpg.rf.2dce456d03080cbc11002c53a2ce698d.jpg,416,416,Raw,17,27,379,360
LINE_ALBUM_220329_42_jpg.rf.2f1785fa1f800371f0f5e841bdfad8e8.jpg,416,416,Dark Roast,109,139,416,332
DSC03271_JPG.rf.2e7fe39c9018c5936e6ff42c9ecf7f70.jpg,416,416,Raw,0,118,249,258
DSC03357_JPG.rf.2c75c0f76fd94f8f9f8ff4481aeaacc8.jpg,416,416,Raw,141,182,284,255
LINE_ALBUM_220327_86_jpg.rf.2ee39cc1e5d3b62bc5be209c82d95aee.jpg,416,416,Raw,16,14,416,397
LINE_ALBUM_220329_101_jpg.rf.2f3e8aa6d7a3e6a019aa1b71d520681f.jpg,416,416,Medium Roast,3,42,416,294
LINE_ALBUM_220327_151_jpg.rf.30d625886e891239ca41a5f6dfa2b2c7.jpg,416,416,Raw,0,215,416,416
DSC03300_JPG.rf.2f0239bccfa49cce2e7793ae284519eb.jpg,416,416,Raw,2,127,270,296
DSC03026_JPG.rf.2f0e9482d094f9a44c281acd48c40150.jpg,416,416,Dark Roast,84,163,341,310
LINE_ALBUM_220329_13_jpg.rf.30e467af30cf6f2c5b6794e091e1980a.jpg,416,416,Dark Roast,37,25,388,416
LINE_ALBUM_220327_110_jpg.rf.3159086c7408236c147b14d0b1b7e5c6.jpg,416,416,Raw,11,15,385,357
DSC03302_JPG.rf.30d2a3c59fde842cf3ec373be69e35e8.jpg,416,416,Raw,0,143,317,317
LINE_ALBUM_220329_17_0_jpg.rf.324cb04de2e8db1a0ce29088bd0370d2.jpg,416,416,Dark Roast,0,0,371,415
4620693218556181757-97b529f8f6cece71e5a003c901239791-22031109_JPG.rf.302e9ba0e05c0320ead4bd42ff34b86a.jpg,416,416,Medium Roast,228,79,416,326
4620693218556181757-97b529f8f6cece71e5a003c901239791-22031109_JPG.rf.302e9ba0e05c0320ead4bd42ff34b86a.jpg,416,416,Raw,61,87,233,332
DSC02976_JPG.rf.31e7417e5177ffefb8b31540a1459f26.jpg,416,416,Medium Roast,26,164,399,374
LINE_ALBUM_220329_86_jpg.rf.2f8080088dfc4b0b350b08805523b64c.jpg,416,416,Dark Roast,6,25,397,356
DSC03274_JPG.rf.32b228bbeff1f3da46448918b671ded4.jpg,416,416,Raw,5,149,307,351
DSC03145_JPG.rf.342c43f7cf4f94d5342ed0d8797fc691.jpg,416,416,Dark Roast,19,52,415,244
LINE_ALBUM_220329_26_0_jpg.rf.355ebd935e4702b506fa1f82cee4b6a9.jpg,416,416,Medium Roast,65,59,416,416
DSC03185_JPG.rf.3354515ba0f2067a9b1e98890239280b.jpg,416,416,Dark Roast,47,238,398,387
DSC03100_JPG.rf.3428366dc3dbc2c1a4a5bbc7d6d30511.jpg,416,416,Dark Roast,0,70,337,213
DSC03295_JPG.rf.3537b26633a24039b9901e133b5de355.jpg,416,416,Raw,6,117,346,292
LINE_ALBUM_220327_157_jpg.rf.35fae124ef307318c932dfbd741fc1ce.jpg,416,416,Raw,99,117,321,271
DSC02866_JPG.rf.2fff9f49f54b315c583143a489a4a51b.jpg,416,416,Medium Roast,12,47,198,221
LINE_ALBUM_220329_27_0_jpg.rf.354622ceac828bee2b98185d3ca142b2.jpg,416,416,Medium Roast,35,63,416,416
DSC02920_JPG.rf.34a3e37c1e142e0506be2f380497f3e3.jpg,416,416,Medium Roast,27,124,298,274
DSC03320_JPG.rf.37688383353e46ec8edd9190eb9dfc4e.jpg,416,416,Raw,72,192,206,250
LINE_ALBUM_220329_4_0_jpg.rf.36fb417831501eebc9ee8e7b991782db.jpg,416,416,Dark Roast,0,151,416,416
LINE_ALBUM_220329_18_jpg.rf.3632ea3bc3d198cfc720a6df06220f7c.jpg,416,416,Dark Roast,0,56,416,416
LINE_ALBUM_220329_98_jpg.rf.33edfb9ee76b451f093dcaf8fa59963c.jpg,416,416,Dark Roast,5,24,416,322
DSC03120_JPG.rf.347a9229445521f60f342ba19d2727a0.jpg,416,416,Dark Roast,148,117,290,177
LINE_ALBUM_220329_13_0_jpg.rf.36ac2c815a1dacbb1aa2a8f73a643f63.jpg,416,416,Dark Roast,0,55,416,416
DSC03469_JPG.rf.36a1bc3af17c560ad1104eeddb6349d3.jpg,416,416,Raw,193,225,332,314
LINE_ALBUM_220329_133_jpg.rf.3764d15ce7d99c2a9025434149d3b93c.jpg,416,416,Medium Roast,222,28,347,177
LINE_ALBUM_220329_133_jpg.rf.3764d15ce7d99c2a9025434149d3b93c.jpg,416,416,Dark Roast,87,33,200,193
LINE_ALBUM_220329_133_jpg.rf.3764d15ce7d99c2a9025434149d3b93c.jpg,416,416,Dark Roast,244,201,381,378
LINE_ALBUM_220329_133_jpg.rf.3764d15ce7d99c2a9025434149d3b93c.jpg,416,416,Medium Roast,95,215,222,381
LINE_ALBUM_220329_41_jpg.rf.3402a451c7bd1486400c92dc025841de.jpg,416,416,Medium Roast,72,73,380,362
LINE_ALBUM_220329_78_jpg.rf.3584f645c1effc279d70327ad7219919.jpg,416,416,Dark Roast,1,48,416,354
DSC03437_JPG.rf.3a640f6fcf53a8b3381154370c155f6b.jpg,416,416,Raw,113,117,416,315
4620693218556181706-1ffe686aa99ba078698be4ecf5328bb0-22031110_JPG.rf.3ab972efb95331300ff1ab59405ba203.jpg,416,416,Dark Roast,135,148,274,405
DSC03170_JPG.rf.39c7c3dac57c219a9514dcd25319615c.jpg,416,416,Dark Roast,0,205,266,287
LINE_ALBUM_220329_100_jpg.rf.39f94f2d772360b428619f34268ca765.jpg,416,416,Dark Roast,8,26,416,361
LINE_ALBUM_220327_52_jpg.rf.3b9b4eab9d0f583c1b532823d2aa7d8a.jpg,416,416,Raw,58,48,368,327
DSC02848_JPG.rf.38c255013e827a9861ba245c4986b32e.jpg,416,416,Medium Roast,3,13,305,215
LINE_ALBUM_220329_2_0_jpg.rf.3bc9f97e4b32cc0a193800cb547a2474.jpg,416,416,Dark Roast,3,100,416,416
LINE_ALBUM_220329_135_jpg.rf.3c4b81e03bc4a0aa40fa232dce3bd6e1.jpg,416,416,Dark Roast,0,50,416,270
DSC03017_JPG.rf.39572b44a69568a916c328930a784fc3.jpg,416,416,Medium Roast,0,96,374,286
DSC03049_JPG.rf.3b4e767bd4134aad422a065b569e14fa.jpg,416,416,Dark Roast,46,92,381,249
4620693218556181757-64e558f8c8a44e51a15e91755d470b39-22031110_JPG.rf.3a918dd39f005386da7c45fe5d94d731.jpg,416,416,Medium Roast,104,113,346,340
DSC03263_JPG.rf.3d24f8a818574e8d08c1080575c3aa7f.jpg,416,416,Raw,112,211,284,286
DSC03033_JPG.rf.363197938cddd5dc8bb3fc3beb34453f.jpg,416,416,Dark Roast,129,222,269,280
LINE_ALBUM_220329_12_0_jpg.rf.3e1ee5da744fa058b7779246d37c6de8.jpg,416,416,Medium Roast,100,0,415,389
LINE_ALBUM_220322_10_jpg.rf.3a2fb12e81e04acca4ca20a1acdda1d9.jpg,416,416,Raw,8,79,370,370
LINE_ALBUM_220329_157_jpg.rf.3bd787b8dbf99a564bbb6b4752e9a981.jpg,416,416,Medium Roast,0,219,409,416
DSC03288_JPG.rf.37286b810ee4a2161e6cc3cc6d00cf33.jpg,416,416,Raw,158,144,416,351
LINE_ALBUM_220329_11_0_jpg.rf.3dd0a682c3e19a3a1e567ae79ad93a69.jpg,416,416,Medium Roast,77,0,415,345
4620693218556181706-efe15212573b37822a7731264d15af20-22031109_JPG.rf.3dd16d226d5411f2435918c568349823.jpg,416,416,Dark Roast,132,115,234,201
4620693218556181706-efe15212573b37822a7731264d15af20-22031109_JPG.rf.3dd16d226d5411f2435918c568349823.jpg,416,416,Raw,133,206,238,269
DSC02962_JPG.rf.3cc88f6a87f4f97dc5f7b92c7d1bc4d1.jpg,416,416,Medium Roast,1,105,254,335
DSC02960_JPG.rf.3acf67354e5dc97079bb388b8cdd6e6f.jpg,416,416,Medium Roast,17,183,308,402
DSC03410_JPG.rf.3dfae31d3831f619da273b1e621b1bf2.jpg,416,416,Raw,67,205,372,366
LINE_ALBUM_220329_122_jpg.rf.3dea895f1e3115dc5a36d706545a8044.jpg,416,416,Medium Roast,8,17,416,416
DSC03349_JPG.rf.3cefa385c7852cefdab37f9838594dfd.jpg,416,416,Raw,140,174,282,249
DSC02893_JPG.rf.428c1155d1900523111a876cc7499e96.jpg,416,416,Medium Roast,148,174,303,259
DSC03301_JPG.rf.3dcf719b2811d35ca617a42a825a31ce.jpg,416,416,Raw,4,150,304,325
DSC03019_JPG.rf.40d937cfbcdf6e082c2d160f259c6bf2.jpg,416,416,Medium Roast,0,2,377,269
DSC03312_JPG.rf.3cd06c75eae0986f7f43f51073e21cc5.jpg,416,416,Raw,152,191,279,252
LINE_ALBUM_220329_44_0_jpg.rf.3f79319d18eb7c7c194321467b7822d5.jpg,416,416,Medium Roast,116,44,378,364
DSC03325_JPG.rf.40fcb8fae3777be42021cb9e5853cd2f.jpg,416,416,Raw,134,191,222,243
4620693218556181731-5b176ec32e5c76cd3a474e8acc44c1fb-22031109_JPG.rf.3efeb9dd171f65a19fcba108b9241225.jpg,416,416,Raw,100,129,415,387
DSC02846_JPG.rf.43c1781aa644da92a81caf1aed209fd2.jpg,416,416,Medium Roast,34,46,416,196
DSC02984_JPG.rf.3fe4a8fed00af460fd42ec8ae9560d73.jpg,416,416,Medium Roast,100,91,416,373
LINE_ALBUM_220329_123_jpg.rf.3d58d65a0cf2c0af493f5d51d17e89da.jpg,416,416,Medium Roast,2,91,367,343
LINE_ALBUM_220329_155_jpg.rf.41371154961c290c56f71922f7704a24.jpg,416,416,Medium Roast,0,263,416,416
4620693218556181757-7daf20f3fcc2dcfaae834d581c6cc691-22031109_JPG.rf.426c7fa0d8d9503432d06c0762c7530f.jpg,416,416,Raw,28,4,301,416
4620693218556181757-7daf20f3fcc2dcfaae834d581c6cc691-22031109_JPG.rf.426c7fa0d8d9503432d06c0762c7530f.jpg,416,416,Medium Roast,301,6,416,416
DSC02941_JPG.rf.3e51e6ff2fa848c10b572a2d38169252.jpg,416,416,Medium Roast,1,158,415,389
DSC03027_JPG.rf.43a054d77715d350237d455b8c3c0e65.jpg,416,416,Dark Roast,4,188,218,311
DSC02994_JPG.rf.421cc92c46ed850b7792b64c1b6a7b03.jpg,416,416,Medium Roast,7,153,400,278
LINE_ALBUM_220329_19_0_jpg.rf.44c5687bcf0da49cc112df50f1070c90.jpg,416,416,Dark Roast,0,111,416,415
4620693218556181706-871052cb75bc118eddde9c67b8292576-22031109_JPG.rf.44bd7263cacfd69a6824ce866648b2ad.jpg,416,416,Dark Roast,147,120,298,283
LINE_ALBUM_220329_11_jpg.rf.43104c90466e223d69e044e07630f7bc.jpg,416,416,Dark Roast,180,16,416,154
LINE_ALBUM_220329_29_jpg.rf.44fdf60217a3c467009839d9b194df3e.jpg,416,416,Dark Roast,1,57,416,381
DSC03309_JPG.rf.42b1bf22a6c0df6b5952334c7a80d6a6.jpg,416,416,Raw,157,185,283,244
DSC03449_JPG.rf.49315fa5353c471145f23c622cc81f44.jpg,416,416,Raw,1,113,302,197
4620693218556181706-ff8b8421a350bc2a9e3e9065cc7a6d6e-22031109_JPG.rf.420d35dbb0fe70264bf927dd66334074.jpg,416,416,Dark Roast,75,38,282,157
4620693218556181706-ff8b8421a350bc2a9e3e9065cc7a6d6e-22031109_JPG.rf.420d35dbb0fe70264bf927dd66334074.jpg,416,416,Raw,41,162,300,356
LINE_ALBUM_220329_20_0_jpg.rf.458b991300dd5280ab2e0b2f1f1b1b9e.jpg,416,416,Medium Roast,86,0,415,357
LINE_ALBUM_220322_1_jpg.rf.47aa31883e65357f0aa0f4175bf810f6.jpg,416,416,Raw,95,80,416,340
LINE_ALBUM_220329_86_jpg.rf.45f05417bae7ddcb02125c1a7f388323.jpg,416,416,Medium Roast,10,46,416,374
LINE_ALBUM_220329_112_jpg.rf.3d9d3f2ce61230c066154db46b285ac1.jpg,416,416,Medium Roast,41,150,396,362
LINE_ALBUM_220329_26_jpg.rf.4644e6483c484a5893888135eb529a1e.jpg,416,416,Medium Roast,113,37,324,391
DSC03151_JPG.rf.47ef234276a8153d5749372926245dfc.jpg,416,416,Dark Roast,0,96,416,281
DSC03077_JPG.rf.483a1b30b8f275359c56038e712aec5c.jpg,416,416,Dark Roast,281,28,416,167
DSC03094_JPG.rf.42d12650b8dbee00352602e63e739d11.jpg,416,416,Dark Roast,70,72,416,206
LINE_ALBUM_220329_143_jpg.rf.4b7e1070180dc88b61722c650eba32e9.jpg,416,416,Medium Roast,93,77,310,367
LINE_ALBUM_220322_23_jpg.rf.49686031d2a304377a52f0163b4ca2da.jpg,416,416,Raw,78,0,416,416
DSC02894_JPG.rf.4d92e39e7c8d11a77afbd79eb302c845.jpg,416,416,Medium Roast,148,188,305,274
DSC03022_JPG.rf.49c92f7bce1b8e6807f0d532a265d0a1.jpg,416,416,Medium Roast,2,96,262,384
DSC03221_JPG.rf.49622768fa83f05c2df6ff15aa01b6e0.jpg,416,416,Dark Roast,84,178,416,329
LINE_ALBUM_220322_3_jpg.rf.4705af3c85cbda18c05d2fe53a360124.jpg,416,416,Raw,73,74,416,381
DSC02971_JPG.rf.499b44466db6413c91ba409cf8375d43.jpg,416,416,Medium Roast,0,89,322,273
LINE_ALBUM_220329_47_jpg.rf.4b89914c1b561520b44ddd85f17735b3.jpg,416,416,Medium Roast,0,35,416,402
LINE_ALBUM_220329_130_jpg.rf.4876e6bc686f1f595518235887399021.jpg,416,416,Dark Roast,40,84,414,382
DSC03176_JPG.rf.4d9f69f7d6c0f5a2878d8e670a44b261.jpg,416,416,Dark Roast,75,186,257,345
DSC03063_JPG.rf.49e89d09d820452c157befa8d29d8bbf.jpg,416,416,Dark Roast,248,104,415,183
4620693218556181731-6d763597ab9f75ff77663cec644e8d78-22031110_JPG.rf.4925db6ee3c72dcf8d9b2640ae8492d4.jpg,416,416,Raw,105,83,372,370
DSC03189_JPG.rf.4b2eb3fa2e43f42dcda0f2e21b5f8eb2.jpg,416,416,Dark Roast,7,228,248,387
DSC02907_JPG.rf.488570b7e75b5cb5db86680c2e7166b2.jpg,416,416,Medium Roast,9,180,327,345
LINE_ALBUM_220329_80_jpg.rf.4cfbdaa8eefb1ca5cc887a59aa1767f5.jpg,416,416,Medium Roast,0,54,416,357
LINE_ALBUM_220329_105_jpg.rf.4c6a95b79aab2a894706f9ec173fca7f.jpg,416,416,Medium Roast,0,60,414,283
DSC03456_JPG.rf.4e0fea68c7fc6a40e7ba8a539cc4776b.jpg,416,416,Raw,155,222,292,293
LINE_ALBUM_220329_141_jpg.rf.4dc522faa23b9ecdbfc2e52a90f16a27.jpg,416,416,Dark Roast,5,11,416,415
LINE_ALBUM_220329_13_jpg.rf.4e53b4408c911eb741dc71260fce2106.jpg,416,416,Medium Roast,94,36,342,367
DSC03118_JPG.rf.4db9d110a807b227adfae827d772ced1.jpg,416,416,Dark Roast,211,126,353,189
LINE_ALBUM_220329_102_jpg.rf.4be515c18e510554f91e699377ca0b90.jpg,416,416,Dark Roast,7,10,390,357
DSC03293_JPG.rf.4e0a9ab60c35a1c3cf10b781f67e484e.jpg,416,416,Raw,49,121,415,318
LINE_ALBUM_220329_147_jpg.rf.4cfec3154a92766a067f27408ef82134.jpg,416,416,Dark Roast,26,67,377,332
LINE_ALBUM_220322_32_jpg.rf.4fb84889e4316b5566d011f03e2ecf92.jpg,416,416,Raw,108,187,378,416
DSC02842_JPG.rf.4eb5581031e1e825bdb4ee69bc22e8a9.jpg,416,416,Medium Roast,17,110,405,317
4620693218556181731-477026eae28f82efdf1c773800bc47a0-22031110_JPG.rf.4dce764b8c07434ab8171adb0fd8de79.jpg,416,416,Raw,195,281,389,318
DSC03165_JPG.rf.500ce049ef53c0e831988f97e18eccc8.jpg,416,416,Dark Roast,0,211,259,291
LINE_ALBUM_220329_32_jpg.rf.4d14bf75e157032dbed0f99b98a81aef.jpg,416,416,Dark Roast,118,88,321,352
4620693218556181706-de00eefc75f6cf7cc93aee63b76203cc-22031110_JPG.rf.506687cc0946efe67b2f0ad91897dd5d.jpg,416,416,Dark Roast,4,216,416,416
LINE_ALBUM_220329_68_jpg.rf.50242767b00f696a9b46335282c9f6e5.jpg,416,416,Medium Roast,13,30,395,402
DSC03477_JPG.rf.4e5c3aa27c8d1e354306d0312747a845.jpg,416,416,Raw,192,182,415,312
LINE_ALBUM_220329_48_0_jpg.rf.50cc1734b1a3f3565171ebda69611ed8.jpg,416,416,Dark Roast,0,85,416,369
DSC03041_JPG.rf.509608a639561c771cc990f40601a598.jpg,416,416,Dark Roast,107,201,287,232
DSC03204_JPG.rf.503111c502bab6d15237a15565e4fe77.jpg,416,416,Dark Roast,150,292,360,416
LINE_ALBUM_220322_37_jpg.rf.509786ab0b94f391025c83068fc87ef6.jpg,416,416,Raw,42,1,416,268
DSC03074_JPG.rf.4ea1f9758b936c4e71e2c9433854ca87.jpg,416,416,Dark Roast,69,0,415,111
DSC03367_JPG.rf.50b5971f19ba1abd801c5b8753371681.jpg,416,416,Raw,132,185,344,230
DSC03252_JPG.rf.52e58be14c1a4357aab25a0240f55659.jpg,416,416,Raw,27,183,403,386
DSC02844_JPG.rf.5014fbf10b87fba6e847fc6078fbbe22.jpg,416,416,Medium Roast,176,110,415,329
LINE_ALBUM_220327_132_jpg.rf.532abd224c620afe642880033ef429e0.jpg,416,416,Light Roast,160,115,274,338
LINE_ALBUM_220327_132_jpg.rf.532abd224c620afe642880033ef429e0.jpg,416,416,Raw,43,124,151,331
DSC03316_JPG.rf.4ea473bbaa56c0feff963fb303965979.jpg,416,416,Raw,95,196,223,252
DSC03069_JPG.rf.51674c1aad78d41da1ef71c49f143bee.jpg,416,416,Dark Roast,31,84,410,254
DSC02992_JPG.rf.535fa8893fb45217b9f21e4cb39f3d49.jpg,416,416,Medium Roast,0,87,280,317
DSC03182_JPG.rf.5344d25b213215de3bba2d18785f7d36.jpg,416,416,Dark Roast,0,200,280,354
LINE_ALBUM_220329_146_jpg.rf.53be65463866e9ee05670dbe3a7216cf.jpg,416,416,Medium Roast,19,0,376,391
DSC02919_JPG.rf.53779e32b0fba2db5587cda560af955b.jpg,416,416,Medium Roast,0,101,416,263
LINE_ALBUM_220329_76_jpg.rf.56370041acb37c91998c57a6dd68b7ac.jpg,416,416,Dark Roast,20,57,416,323
DSC03024_JPG.rf.51c77a680095d822949ac8380b9d73aa.jpg,416,416,Dark Roast,64,212,354,319
LINE_ALBUM_220329_111_jpg.rf.53b34247d046b72df9bc7446d4a11b52.jpg,416,416,Medium Roast,48,40,412,384
DSC03467_JPG.rf.53afec16146541f70c4a61bc798146c5.jpg,416,416,Raw,162,210,290,285
LINE_ALBUM_220329_19_0_jpg.rf.551392077d0a837e0af82b103bc7efa8.jpg,416,416,Medium Roast,81,3,416,413
DSC03052_JPG.rf.56a35214d7f65bca7e3d06055596a7f7.jpg,416,416,Dark Roast,11,100,362,269
LINE_ALBUM_220329_92_jpg.rf.50dc062dccd443fc8f36e724988e195c.jpg,416,416,Medium Roast,2,27,416,389
DSC02891_JPG.rf.5496007178546b004d761e0f24da37b6.jpg,416,416,Medium Roast,107,79,357,230
4620693218556181706-51d3cfbbb1c229155f6fb2001a9a3e18-22031109_JPG.rf.5633524e31192f588f649f3324471d25.jpg,416,416,Dark Roast,139,85,252,191
4620693218556181706-51d3cfbbb1c229155f6fb2001a9a3e18-22031109_JPG.rf.5633524e31192f588f649f3324471d25.jpg,416,416,Raw,122,199,262,273
LINE_ALBUM_220329_118_jpg.rf.56da36cd7ae8b302194f69551c86a204.jpg,416,416,Dark Roast,5,122,416,391
DSC03287_JPG.rf.54baa76d58e72e7db232db041ad255f0.jpg,416,416,Raw,88,95,416,385
LINE_ALBUM_220329_139_jpg.rf.554fb537af8b8ba57157d76a339882e6.jpg,416,416,Dark Roast,134,90,399,415
LINE_ALBUM_220329_41_0_jpg.rf.55989d91f5b0e85f11bca99142f51305.jpg,416,416,Medium Roast,90,61,338,349
LINE_ALBUM_220329_153_jpg.rf.573518c38c5347b4a826a3c0cffaefa1.jpg,416,416,Medium Roast,0,147,416,411
LINE_ALBUM_220329_108_jpg.rf.564277d464f01c48a694803816ad0afa.jpg,416,416,Medium Roast,1,56,416,305
DSC03197_JPG.rf.55f9a80ba17aadb8cb6a065a5d3103d0.jpg,416,416,Dark Roast,2,276,229,416
DSC03240_JPG.rf.5706c8eab2cd58f41d37e846a4184711.jpg,416,416,Dark Roast,16,148,281,267
LINE_ALBUM_220329_36_0_jpg.rf.4ff91d508d7dfca145cbd2106f7f3c2a.jpg,416,416,Dark Roast,116,97,388,262
4620693218556181731-6a60893e08149d9d2c9ef5a7488f5156-22031110_JPG.rf.570b969d458c02d408651a69a46fc032.jpg,416,416,Raw,0,95,414,415
LINE_ALBUM_220329_37_0_jpg.rf.578848be14865bc22392e06e032bc1a6.jpg,416,416,Medium Roast,98,83,355,321
LINE_ALBUM_220329_130_jpg.rf.58f248216f69d3686aaa8e363eac3d95.jpg,416,416,Medium Roast,36,37,364,366
DSC03470_JPG.rf.593f84025d65f33f621cbeb4817feb76.jpg,416,416,Raw,186,222,304,277
DSC02996_JPG.rf.53ce1a1039dcf2055ca1f6e68556a5cf.jpg,416,416,Medium Roast,0,130,287,248
DSC02913_JPG.rf.573b044b066a47a9eaac4bd7d71a8ffd.jpg,416,416,Medium Roast,90,226,380,317
DSC02858_JPG.rf.581deb7e2ff8f42603e37818727f34d0.jpg,416,416,Medium Roast,54,110,399,334
LINE_ALBUM_220329_30_0_jpg.rf.59aca137ee2fc3070d3c3833f484676a.jpg,416,416,Dark Roast,3,55,416,413
DSC02816_JPG.rf.588be65c6ae3c3fee9acec996f9228c0.jpg,416,416,Medium Roast,84,184,242,207
DSC03256_JPG.rf.5a96776900b57c63cc650c832e8d8fb1.jpg,416,416,Raw,124,163,416,368
LINE_ALBUM_220329_9_0_jpg.rf.5995c715390a492d11ce07fca7b4bf99.jpg,416,416,Medium Roast,31,135,356,416
LINE_ALBUM_220329_152_jpg.rf.5992113f404b0bd79f8b4dd4795de58e.jpg,416,416,Medium Roast,3,215,416,416
4620693218556181731-80b33db4f0e0a8317e83da9c8f6e25c6-22031110_JPG.rf.5b104012f9e36f12aeb1f594f169b3ac.jpg,416,416,Raw,174,227,338,337
DSC03362_JPG.rf.5942f781769acc8f810c0da5f57357b9.jpg,416,416,Raw,117,184,258,259
4620693218556181731-5c19f61f51c275fffa1a2f4b167d89ad-22031110_JPG.rf.5cac4ce61eb0a73aeebf1fcbf8c9239b.jpg,416,416,Raw,0,49,416,416
DSC03016_JPG.rf.5e5f27855c6d25a49d68df6dc079005f.jpg,416,416,Medium Roast,158,184,343,294
DSC03345_JPG.rf.5977d10d5dd93509b186ddf8d92447c7.jpg,416,416,Raw,102,193,225,256
DSC02826_JPG.rf.590fb311bb1fe3471b35c3a33c806377.jpg,416,416,Medium Roast,100,120,391,251
DSC03350_JPG.rf.5f290fd003c2dbbc901fcfd6531bc375.jpg,416,416,Raw,143,166,282,246
DSC02821_JPG.rf.5fc0f3b4a9d91cf791ca8848ca0bae96.jpg,416,416,Medium Roast,140,144,284,197
DSC03218_JPG.rf.5f52fb4acc5e060eef0b8e8ede04704b.jpg,416,416,Dark Roast,121,213,216,283
LINE_ALBUM_220329_22_jpg.rf.575a590853d5381cde6387cbaf97dd38.jpg,416,416,Medium Roast,99,50,323,392
LINE_ALBUM_220329_79_jpg.rf.5b720dd11ac7f8f715373021794ad45b.jpg,416,416,Dark Roast,0,45,416,326
4620693218556181706-75f891ae555d59c0382be1c759ba33a8-22031109_JPG.rf.5f92707472ca78f2104926fc48b78ea6.jpg,416,416,Raw,113,230,319,353
4620693218556181706-75f891ae555d59c0382be1c759ba33a8-22031109_JPG.rf.5f92707472ca78f2104926fc48b78ea6.jpg,416,416,Dark Roast,123,71,316,222
LINE_ALBUM_220327_150_jpg.rf.605e2493be804509eef4b1b364966e65.jpg,416,416,Raw,0,0,355,313
LINE_ALBUM_220327_55_jpg.rf.60fb7380b6b9399d686501988b8a7036.jpg,416,416,Raw,61,53,361,307
DSC03005_JPG.rf.5bca44e2f3d6adeaa374e4f499a78ecb.jpg,416,416,Medium Roast,117,155,294,267
LINE_ALBUM_220329_46_jpg.rf.5d6bb24d9121f311c87293fbad13e3bc.jpg,416,416,Medium Roast,11,54,416,400
DSC03066_JPG.rf.5d490744160a71c24be8bef25a2fa224.jpg,416,416,Dark Roast,135,122,319,213
LINE_ALBUM_220327_154_jpg.rf.60eddba09b2f6fac27f6dac16adcd808.jpg,416,416,Raw,52,88,411,318
DSC03237_JPG.rf.5e530675c9542ee2e39ae88857d85543.jpg,416,416,Dark Roast,3,158,282,265
DSC02837_JPG.rf.604a1e4d8e7eecc095ab6c8874ff3da8.jpg,416,416,Medium Roast,139,117,356,236
LINE_ALBUM_220329_67_jpg.rf.6076f1d8513271d420c3e5c2f0736991.jpg,416,416,Medium Roast,9,93,416,401
LINE_ALBUM_220327_96_jpg.rf.5cb17e33696791dedaab9a9e58c5cc25.jpg,416,416,Raw,28,27,416,395
DSC02872_JPG.rf.5ed25575c0d9b91ad8066a367ba48790.jpg,416,416,Medium Roast,153,53,416,270
DSC03404_JPG.rf.608fb5cd01094bac93ab3a4368536ea0.jpg,416,416,Raw,36,72,416,209
LINE_ALBUM_220329_33_0_jpg.rf.5fca70f0b7e7fb8a4960e329851e2850.jpg,416,416,Dark Roast,41,44,416,375
4620693218556181731-b4d4a8f0adfb5ae0e4a199d7cc50990d-22031110_JPG.rf.5d1bb05b8901cd439f48d4d22fa6458a.jpg,416,416,Raw,146,214,319,321
DSC02823_JPG.rf.ece7cb38d157c1f62df438928055e649.jpg,416,416,Medium Roast,78,121,400,202
4620693218556181706-1f84b31370ba634d72f4e09bbe31d4eb-22031109_JPG.rf.ec583f09b095dd1910d504fabee9eb41.jpg,416,416,Dark Roast,50,246,367,416
DSC03354_JPG.rf.ed13d6317049a44f33f57acf74f55bd9.jpg,416,416,Raw,152,175,294,246
DSC02974_JPG.rf.ec8a6592cdf0fa01bb64d11a745c73c1.jpg,416,416,Medium Roast,0,111,350,362
DSC02944_JPG.rf.ec9853a2f5a58a44cac9c2cdd20dc722.jpg,416,416,Medium Roast,172,127,416,359
4620693218556181731-8695514ab00bb39cd8eecef4e6379b90-22031110_JPG.rf.eddd0175c7fa760014aed09717ced946.jpg,416,416,Raw,130,280,335,387
DSC03213_JPG.rf.eedee8490aa52f033a860ff6a8821d6f.jpg,416,416,Dark Roast,0,179,379,368
LINE_ALBUM_220329_97_jpg.rf.edaed698e8d58e7fffd75af12ed3cb92.jpg,416,416,Dark Roast,0,67,416,374
LINE_ALBUM_220322_29_jpg.rf.eeff558d75bc9345fe3dfebc2661a19a.jpg,416,416,Raw,2,1,416,229
DSC03229_JPG.rf.f0d84d300401c4c1615acb52247dbe9a.jpg,416,416,Dark Roast,0,216,335,330
LINE_ALBUM_220329_70_jpg.rf.edf61843f4a68e64144c5a7f80098722.jpg,416,416,Dark Roast,2,11,415,352
DSC02888_JPG.rf.efc514da3f9f06614745d36eecb5064f.jpg,416,416,Medium Roast,55,120,316,234
DSC03011_JPG.rf.ee2aa19ea144449dc17642b536c3a30e.jpg,416,416,Medium Roast,134,173,312,310
DSC03291_JPG.rf.f1609e3a75de99b5e8282ed6213ec146.jpg,416,416,Raw,1,73,389,316
LINE_ALBUM_220329_24_0_jpg.rf.f225c702a60af666427bc6344a5f602a.jpg,416,416,Medium Roast,2,0,370,416
LINE_ALBUM_220329_60_jpg.rf.f1649abaf46f6aaeca0baa2f6ad56b03.jpg,416,416,Medium Roast,26,36,395,363
DSC03321_JPG.rf.f42d309e5d3ee33c1775e9a8443c28da.jpg,416,416,Raw,81,194,205,254
LINE_ALBUM_220327_66_jpg.rf.f041d98f582c3f5a778e72f761bac797.jpg,416,416,Raw,20,60,409,385
4620693218556181706-5456ee99f75f6b7d20abe82eef0d00a5-22031109_JPG.rf.f5c6f97e252fed78716927073af38128.jpg,416,416,Raw,50,200,326,400
4620693218556181706-5456ee99f75f6b7d20abe82eef0d00a5-22031109_JPG.rf.f5c6f97e252fed78716927073af38128.jpg,416,416,Dark Roast,72,52,298,188
LINE_ALBUM_220329_135_jpg.rf.f08f63e8f6b534e4fe36960c7f0072ac.jpg,416,416,Medium Roast,60,23,362,404
LINE_ALBUM_220329_2_jpg.rf.f1431831f166d406f8dc1762219aa66d.jpg,416,416,Medium Roast,61,65,323,410
DSC03097_JPG.rf.ef19f460caae63db50cc6156f665d333.jpg,416,416,Dark Roast,151,104,416,234
4620693218556181706-791e1b38ef2b34d3a40ca915314dac50-22031110_JPG.rf.f20b08833b680ecb96dd60eabd0f1ca3.jpg,416,416,Dark Roast,126,50,240,145
4620693218556181706-791e1b38ef2b34d3a40ca915314dac50-22031110_JPG.rf.f20b08833b680ecb96dd60eabd0f1ca3.jpg,416,416,Raw,107,142,230,229
LINE_ALBUM_220327_94_jpg.rf.f5d011f786d06915cba11d703a1ecf75.jpg,416,416,Raw,2,58,414,378
DSC03280_JPG.rf.f94957a34a1ce169f09192f331343e1c.jpg,416,416,Raw,3,140,385,357
DSC02905_JPG.rf.f8cd296373b4fecb678dbbc7539bf07b.jpg,416,416,Medium Roast,122,172,413,354
LINE_ALBUM_220329_27_jpg.rf.f694ccaf7fb2a57c92aec46b0d69424a.jpg,416,416,Medium Roast,109,24,318,387
DSC03126_JPG.rf.f9ababf0e3409c9d46ade9419364a169.jpg,416,416,Dark Roast,201,49,415,210
LINE_ALBUM_220329_117_jpg.rf.f7a800bbb2cca6f7d9603e46be41b405.jpg,416,416,Dark Roast,173,53,416,416
4620693218556181757-972b06d3d7b3e48b2c7ef425f51311b1-22031110_JPG.rf.f693bfbfa65dc099b98d489962abb72c.jpg,416,416,Raw,207,348,355,409
4620693218556181757-972b06d3d7b3e48b2c7ef425f51311b1-22031110_JPG.rf.f693bfbfa65dc099b98d489962abb72c.jpg,416,416,Medium Roast,259,282,411,355
DSC03201_JPG.rf.fa2939e7617af4f430c58732469ab71c.jpg,416,416,Dark Roast,33,237,415,415
LINE_ALBUM_220329_34_jpg.rf.fa1aefe8a0a0e1510c50e0ff6c7c18f6.jpg,416,416,Medium Roast,68,13,334,375
4620693218556181706-14c412769e9bede34196bfe21213d38d-22031109_JPG.rf.f44cf1d6c811df423d23947a70a10b62.jpg,416,416,Dark Roast,21,34,413,388
DSC03432_JPG.rf.f5f697355caa606507ab2a7c64b9770b.jpg,416,416,Raw,93,183,416,416
DSC03307_JPG.rf.f9aa9dbaa4a9989c76f8bce6dc4662ae.jpg,416,416,Raw,120,168,416,355
LINE_ALBUM_220329_23_0_jpg.rf.f96a4b961cfe25ddfd1d3edd62e221b4.jpg,416,416,Dark Roast,215,71,397,211
LINE_ALBUM_220329_79_jpg.rf.f63082a22145089c01ced950f068557e.jpg,416,416,Medium Roast,16,37,416,342
LINE_ALBUM_220329_80_jpg.rf.f7402295ee25ce3aa09264667bf7eb61.jpg,416,416,Dark Roast,0,47,416,353
LINE_ALBUM_220322_38_jpg.rf.f923694a5207d133e2fae43ac18450f9.jpg,416,416,Raw,115,4,288,416
LINE_ALBUM_220329_51_jpg.rf.fb2d431044ab64f571a15844b57ec596.jpg,416,416,Medium Roast,7,8,416,345
LINE_ALBUM_220322_44_jpg.rf.f8fa052254e58cc4acbe4d126fe6fd76.jpg,416,416,Raw,101,68,416,416
DSC03351_JPG.rf.f7581d512d16c1fbe42fdc6a22a42934.jpg,416,416,Raw,140,166,282,246
LINE_ALBUM_220327_70_jpg.rf.fb1ab171aa4242e6a30d6827683b9584.jpg,416,416,Raw,32,70,409,352
LINE_ALBUM_220329_17_jpg.rf.f662fdc0f4b77664c0f88a4663efc2b7.jpg,416,416,Dark Roast,6,46,402,344
LINE_ALBUM_220329_47_0_jpg.rf.fcae2e3f0c02b15f929ddaa358df30fe.jpg,416,416,Medium Roast,103,69,350,378
DSC03335_JPG.rf.faf79368079fea7bb8c54eca8aa24b5d.jpg,416,416,Raw,133,202,236,246
4620693218556181706-92ef3ed04e76deb5a728bed77668fad0-22031109_JPG.rf.fa7ab7cd99292d28e511eeb9002fbd13.jpg,416,416,Raw,36,197,321,409
4620693218556181706-92ef3ed04e76deb5a728bed77668fad0-22031109_JPG.rf.fa7ab7cd99292d28e511eeb9002fbd13.jpg,416,416,Dark Roast,69,59,285,183
LINE_ALBUM_220327_116_jpg.rf.fcc01e492b597a1ceaf1f334d393ca32.jpg,416,416,Raw,81,60,306,343
LINE_ALBUM_220329_103_jpg.rf.fbc82391ee3ed240d43d4ef3a0e417c4.jpg,416,416,Medium Roast,2,47,416,329
4620693218556181757-4bc349d7d02577b9dea18b16616e9011-22031110_JPG.rf.f9912751960204545224c606bc45b6c3.jpg,416,416,Medium Roast,185,159,369,342
LINE_ALBUM_220329_59_jpg.rf.f82cfc8eb555afe16d521614ece295c6.jpg,416,416,Medium Roast,12,37,390,337
4620693218556181731-11b5f7e0dc31363ef82ba6eedb086b0d-22031110_JPG.rf.fd01c843af9820dd1b5b72e30c5b4862.jpg,416,416,Raw,191,221,323,308
4620693218556181731-6e6f556d5adef30867eb894b4d8d2d96-22031110_JPG.rf.f8fe927dcc4b0b855a3e32c090c0130d.jpg,416,416,Raw,165,222,338,331
DSC03029_JPG.rf.f8819cdc1f5e22d023d0415cd0b02f19.jpg,416,416,Dark Roast,34,182,373,284
LINE_ALBUM_220329_7_jpg.rf.fcc2d667965d4c3e265d3e9dd63b2222.jpg,416,416,Medium Roast,97,49,336,416
DSC02864_JPG.rf.fcd93819a0aa1ee18b6f4d907edf6a21.jpg,416,416,Medium Roast,119,95,302,197
DSC03268_JPG.rf.fb92eb97ac31444c2bf29c7db24467a1.jpg,416,416,Raw,0,146,277,297
4620693218556181706-a0aa486b96bdd1e49ff9408bdd8e8d89-22031109_JPG.rf.fc417ccb18a2fe52b092330777b39e01.jpg,416,416,Dark Roast,145,70,239,136
4620693218556181706-a0aa486b96bdd1e49ff9408bdd8e8d89-22031109_JPG.rf.fc417ccb18a2fe52b092330777b39e01.jpg,416,416,Raw,132,131,240,215
DSC03478_JPG.rf.fbe612a70a38e77afd8db037fa75f6c8.jpg,416,416,Raw,142,142,415,330
LINE_ALBUM_220322_47_jpg.rf.fd75a80a0531be77bba8ab34c4789922.jpg,416,416,Raw,4,3,231,416
DSC02835_JPG.rf.fccdd9d0c541948bb8472fe94e65055a.jpg,416,416,Medium Roast,103,109,329,240
LINE_ALBUM_220329_28_0_jpg.rf.fddbdd5e2475e06641aba75953c7962f.jpg,416,416,Dark Roast,0,4,370,382
LINE_ALBUM_220322_26_jpg.rf.fe8e7997aa846bcf1fb94ac0e178e03d.jpg,416,416,Raw,0,0,416,416
DSC03055_JPG.rf.fe3f6e24a5e8a1cd14e4afa5b74fc191.jpg,416,416,Dark Roast,108,31,416,216
DSC02892_JPG.rf.ff09bf7686b86b8a1c1c6140298fa615.jpg,416,416,Medium Roast,112,46,354,194
LINE_ALBUM_220329_36_jpg.rf.fd086fd2476becca246aa2fdc5610ac0.jpg,416,416,Medium Roast,71,23,322,342
4620693218556181706-92a806972810027c7b53ab1676eac16a-22031110_JPG.rf.fecb5a6d5c83d6d4313957dabc2ebc69.jpg,416,416,Dark Roast,128,199,298,315
LINE_ALBUM_220329_1_0_jpg.rf.ff130aa09de7f0e6a99db2bc43a55c26.jpg,416,416,Dark Roast,70,1,416,416
LINE_ALBUM_220329_85_jpg.rf.ffb66af9495ba415bf17f4502cd003c4.jpg,416,416,Medium Roast,9,57,416,357
DSC03158_JPG.rf.fecd4ccb92442c8c47d755b8acdfdca1.jpg,416,416,Dark Roast,1,126,416,208
LINE_ALBUM_220327_95_jpg.rf.fef1643fafd854b16277f9c4913eb41e.jpg,416,416,Raw,9,0,404,392
LINE_ALBUM_220327_153_jpg.rf.fd69a8b07090c12d7b6484ebe463f385.jpg,416,416,Raw,120,75,353,396
LINE_ALBUM_220329_57_jpg.rf.0067d0635d0f7f50f79c3ae620107bcb.jpg,416,416,Dark Roast,3,50,387,372
DSC03028_JPG.rf.00544f831b5c6a9d7447805db1bdac61.jpg,416,416,Dark Roast,50,220,276,346
LINE_ALBUM_220327_107_jpg.rf.041049b69fe20cd5de891a8649bc992f.jpg,416,416,Raw,15,46,405,365
DSC03281_JPG.rf.0446fe5010c0add1cd9667cc44df8048.jpg,416,416,Raw,0,136,416,379
DSC03328_JPG.rf.029db58e8f66266cdeb869743344ebc6.jpg,416,416,Raw,121,196,220,250
DSC03235_JPG.rf.022d29320ca4d8e1af6931aa0082aa53.jpg,416,416,Dark Roast,0,164,416,283
LINE_ALBUM_220329_69_jpg.rf.0310cd1bb4daad74616b4c1dc6176140.jpg,416,416,Medium Roast,4,0,374,416
LINE_ALBUM_220329_25_jpg.rf.0462a5f0d76d7d1800f732d27f2c2135.jpg,416,416,Dark Roast,0,0,416,416
LINE_ALBUM_220329_95_jpg.rf.0067aeb67825572809d7550cecf77aa2.jpg,416,416,Dark Roast,0,51,416,377
DSC03057_JPG.rf.064f14c2c187d5010d4cc6b1a032a240.jpg,416,416,Dark Roast,222,73,416,246
LINE_ALBUM_220329_6_jpg.rf.060f5f11d7823fdc5b0e44048e0adced.jpg,416,416,Dark Roast,0,89,377,213
4620693218556181731-8f991ab668b2bbfdef16520623d85269-22031110_JPG.rf.008a1af324710cdc4bab933418ffca9a.jpg,416,416,Raw,95,265,372,416
DSC03116_JPG.rf.086f90ae245035f3d8962980e6567857.jpg,416,416,Dark Roast,171,124,314,186
DSC03064_JPG.rf.0616f0ea6ed2e4e4a5a125f5d2560754.jpg,416,416,Dark Roast,160,116,327,195
DSC02942_JPG.rf.083f3b2b3e3a9b9dc04cd6812428e564.jpg,416,416,Medium Roast,8,60,416,296
DSC03195_JPG.rf.08d6005d26375288a1df39eea387a9a7.jpg,416,416,Dark Roast,121,255,254,416
DSC02921_JPG.rf.07aa4c1f6c331a58c31eab798318d1aa.jpg,416,416,Medium Roast,44,129,327,258
LINE_ALBUM_220327_100_jpg.rf.098a95382aeb2edf95717a2b08ed5bf6.jpg,416,416,Raw,0,34,416,392
LINE_ALBUM_220329_28_0_jpg.rf.09666ea5d6bdd20e685f7fb26e66c494.jpg,416,416,Medium Roast,24,52,395,416
LINE_ALBUM_220327_115_jpg.rf.06f611d4654a4f7ac87b451bd6196a0b.jpg,416,416,Raw,7,37,416,416
LINE_ALBUM_220329_18_0_jpg.rf.016b06c172d338c60a4bd7c7c14a900c.jpg,416,416,Medium Roast,134,10,416,416
4620693218556181731-34872efe14df743359e328dc226b4c68-22031110_JPG.rf.02f9524c62280a3e97a3311b1ba34ba1.jpg,416,416,Raw,304,200,363,237
DSC03129_JPG.rf.08df25245c810c9f31473229174b2249.jpg,416,416,Dark Roast,16,71,416,279
DSC03050_JPG.rf.0a56006d4ef016020f7eae03ad741b31.jpg,416,416,Dark Roast,134,56,331,197
4620693218556181757-e1c7cd3c2a9cae86f4ad56f7f05637fa-22031110_JPG.rf.095006ea409b7ecfb2d0d4581e424453.jpg,416,416,Medium Roast,166,143,416,330
LINE_ALBUM_220329_138_jpg.rf.0a66ce647a3238fd40b82c456b9c2763.jpg,416,416,Medium Roast,0,143,416,416
DSC03122_JPG.rf.071a58e09159048eb906304c9e70a239.jpg,416,416,Dark Roast,190,127,346,199
LINE_ALBUM_220329_10_0_jpg.rf.0a35aadb2af77dac36b3f8d6b1cc94ab.jpg,416,416,Medium Roast,43,0,395,390
DSC03439_JPG.rf.0231fc27d24d98ad7b42188f9cd6de74.jpg,416,416,Raw,177,153,416,316
LINE_ALBUM_220329_83_jpg.rf.0a64f4b5d7cff106c2f31c73dc5e6c95.jpg,416,416,Dark Roast,31,47,416,335
DSC03167_JPG.rf.06ae76fc5c6512c37e111b0d826a682f.jpg,416,416,Dark Roast,0,188,303,271
LINE_ALBUM_220329_31_jpg.rf.051418c1b570a7f955cb45835ac56439.jpg,416,416,Medium Roast,81,3,337,389
DSC03109_JPG.rf.09442e261e14f03b4792fd4c0a9ed15d.jpg,416,416,Dark Roast,160,54,416,218
4620693218556181731-953d9f967b364a2b8c9ad16958904788-22031110_JPG.rf.0990f010ec6480d6a4764fd5b799cec9.jpg,416,416,Raw,207,206,338,297
LINE_ALBUM_220329_46_0_jpg.rf.0c1d870f577d846f443b6f6bfb6f8668.jpg,416,416,Dark Roast,18,103,415,320
DSC03342_JPG.rf.0d4731e7988c6ea864af35b20ab100b4.jpg,416,416,Raw,150,187,276,243
LINE_ALBUM_220322_49_jpg.rf.0d8f45d407535fadd7c1f885c322bdbe.jpg,416,416,Raw,70,2,415,415
LINE_ALBUM_220329_91_jpg.rf.04b67c1ae32b91584c208dc650b2f169.jpg,416,416,Dark Roast,3,24,416,379
LINE_ALBUM_220329_99_jpg.rf.0d88e3b7a7a0275f8183850c52b0772e.jpg,416,416,Medium Roast,3,45,416,276
DSC03115_JPG.rf.0b7150040b2cf2787c7881bbee48c043.jpg,416,416,Dark Roast,13,81,349,205
LINE_ALBUM_220322_40_jpg.rf.0cccd9d386e9fb778c0423235a88d9d4.jpg,416,416,Raw,72,3,384,329
DSC03248_JPG.rf.0c1652f7871564674d316f67c2cdaaa4.jpg,416,416,Dark Roast,71,173,259,302
LINE_ALBUM_220329_99_jpg.rf.0cf58f239ebe8043ad777fbee6d5f615.jpg,416,416,Dark Roast,1,36,416,359
LINE_ALBUM_220327_141_jpg.rf.0df5b8d4a33f5b9113ff158c07f81463.jpg,416,416,Raw,46,135,268,332
LINE_ALBUM_220329_30_jpg.rf.0b6c4932f6ef5b8e042a4d7d4bccac1c.jpg,416,416,Dark Roast,87,7,416,392
DSC03409_JPG.rf.0bc9d33348445aeeb6a12adae8548089.jpg,416,416,Raw,58,210,361,349
4620693218556181731-65a391ea48e7765e10c1b4b255b72ab4-22031110_JPG.rf.0cc63520324f446b61d2bb1831d561c6.jpg,416,416,Raw,182,155,270,242
DSC03220_JPG.rf.0d3f3541278db05cb667a89153dd7a98.jpg,416,416,Dark Roast,51,143,415,302
DSC02865_JPG.rf.0bc28c0f453a47f0a8f1df119009f511.jpg,416,416,Medium Roast,61,101,262,224
DSC03273_JPG.rf.0df915ec346c709561f4f3dbfad958cb.jpg,416,416,Raw,3,91,284,321
DSC02926_JPG.rf.0df35c766805c9bede3fdf64f8b7b294.jpg,416,416,Medium Roast,10,142,415,286
DSC03319_JPG.rf.0fcf816143bc67fa7d559480fdffd239.jpg,416,416,Raw,95,194,226,250
LINE_ALBUM_220329_48_jpg.rf.107e96f4a5bba1eb8d1b5691f88d6e0e.jpg,416,416,Dark Roast,28,50,416,324
LINE_ALBUM_220327_92_jpg.rf.138c9756564c01ca20d093fba61a06e1.jpg,416,416,Raw,12,62,416,331
DSC02954_JPG.rf.1211e2ecdc021d235def2706aea24a7f.jpg,416,416,Medium Roast,10,115,164,379
DSC03132_JPG.rf.0e21ff0ddf7dfb4cd80157497e595ba8.jpg,416,416,Dark Roast,53,70,415,266
DSC02817_JPG.rf.0ef15d8ed1ac5c1a1899c4fa1714ceb7.jpg,416,416,Medium Roast,105,184,255,211
LINE_ALBUM_220329_132_jpg.rf.1462127e40630b23ffa830ab50988279.jpg,416,416,Dark Roast,68,5,401,416
DSC03352_JPG.rf.12ac18b0d0c39ccb395824d347f5b827.jpg,416,416,Raw,159,174,298,254
LINE_ALBUM_220329_94_jpg.rf.0e741912ee897a9f89c20a3ecc4122c8.jpg,416,416,Medium Roast,5,55,416,283
DSC03338_JPG.rf.1520a3872475ac58c324b31125067768.jpg,416,416,Raw,119,206,218,245
LINE_ALBUM_220322_17_jpg.rf.13469cae631414ee9b31ab35435ae1d4.jpg,416,416,Raw,33,21,416,343
LINE_ALBUM_220329_75_jpg.rf.1446bda732cc4d81c71fdf517de64ecc.jpg,416,416,Dark Roast,7,52,416,364
DSC02874_JPG.rf.0f3fda634956c4b867304d6f402b0769.jpg,416,416,Medium Roast,82,68,415,290
LINE_ALBUM_220327_73_jpg.rf.1454eb4c7f2df0682bfa8c05975519ac.jpg,416,416,Raw,0,53,416,349
LINE_ALBUM_220329_21_0_jpg.rf.0e67721028b1a6c46432f587be25c823.jpg,416,416,Medium Roast,6,8,416,234
LINE_ALBUM_220327_119_jpg.rf.13fb5bf4e3d01e7a698f3a583bd8bd92.jpg,416,416,Raw,0,0,416,392
LINE_ALBUM_220329_40_0_jpg.rf.159b7fe2c33884f5a9ae2040e199992c.jpg,416,416,Medium Roast,81,26,351,394
LINE_ALBUM_220329_20_jpg.rf.1445e467c31d372f5f45c2a8299a828a.jpg,416,416,Dark Roast,26,0,416,416
DSC03278_JPG.rf.0fceceeff52280f8eb0c72df261f06ee.jpg,416,416,Raw,0,50,350,346
LINE_ALBUM_220329_62_jpg.rf.11ed98ccfda98e85ac4004fa131c9761.jpg,416,416,Dark Roast,5,26,416,345
LINE_ALBUM_220329_126_jpg.rf.1281fa96becdef87e197ee6ab98c54d2.jpg,416,416,Dark Roast,0,55,415,387
DSC02869_JPG.rf.14d4935061707fd7feae8f59ae63aa8a.jpg,416,416,Medium Roast,4,93,362,313
DSC03137_JPG.rf.12a9c498b59d42cb72d3579700e67f51.jpg,416,416,Dark Roast,3,4,399,197
LINE_ALBUM_220329_92_jpg.rf.15fadb7c5c858b6b74f9ae95268816d3.jpg,416,416,Dark Roast,6,36,404,342
DSC03042_JPG.rf.19717b44102970ce6dbf4fb5f613118b.jpg,416,416,Dark Roast,28,182,390,245
LINE_ALBUM_220329_30_jpg.rf.184e863bb98673b9e626cf727cc20f2c.jpg,416,416,Medium Roast,74,2,316,377
DSC03128_JPG.rf.17158a04af5a09bf0beba3edcc1244bf.jpg,416,416,Dark Roast,68,49,416,202
LINE_ALBUM_220329_59_jpg.rf.13c5b86566e9eb01939acd33d2827a36.jpg,416,416,Dark Roast,18,59,393,361
LINE_ALBUM_220327_126_jpg.rf.19a6d10051215788a8c4fc3a1c1c3f25.jpg,416,416,Raw,232,81,416,159
LINE_ALBUM_220327_126_jpg.rf.19a6d10051215788a8c4fc3a1c1c3f25.jpg,416,416,Raw,10,62,193,181
LINE_ALBUM_220327_126_jpg.rf.19a6d10051215788a8c4fc3a1c1c3f25.jpg,416,416,Raw,208,228,414,314
LINE_ALBUM_220327_126_jpg.rf.19a6d10051215788a8c4fc3a1c1c3f25.jpg,416,416,Raw,26,221,173,407
DSC02987_JPG.rf.1a83413bc1f2391723543f5c37a1cbd8.jpg,416,416,Medium Roast,56,96,369,331
4620693218556181731-f421d5e5688ed77c70127950ccae8173-22031110_JPG.rf.1273fe19e3d21470b595d41c4e40223b.jpg,416,416,Raw,178,296,307,388
LINE_ALBUM_220329_81_jpg.rf.193826603cb8c96e4544b38f0ab2d04c.jpg,416,416,Medium Roast,4,61,416,348
4620693218556181706-e5253901542a9ecf7c77d45b563b8fbd-22031109_JPG.rf.19d54fcf70598d76f7f9b5100baaf331.jpg,416,416,Dark Roast,136,124,297,239
LINE_ALBUM_220329_25_0_jpg.rf.1a3afa6571ebad18e657ff148de5bc8f.jpg,416,416,Dark Roast,84,65,337,339
DSC03236_JPG.rf.175b04acb366b69206e6616e2d32c28f.jpg,416,416,Dark Roast,0,127,286,279
4620693218556181706-d63ce16494e98e9a04a5b3257ecf3fd7-22031109_JPG.rf.1942a915f7b2578df31ddf97d719e555.jpg,416,416,Dark Roast,141,154,308,305
LINE_ALBUM_220322_35_jpg.rf.166ee1b0b072d0313aaea4719649ea9d.jpg,416,416,Raw,122,2,415,376
DSC02902_JPG.rf.19859c002cf65dffe798adbbd54d4874.jpg,416,416,Medium Roast,44,215,333,374
4620693218556181706-b6fbebbb0e2fd9e332243a0259436ff8-22031109_JPG.rf.1882942ab674c01f29b8678eec81c12d.jpg,416,416,Dark Roast,67,74,181,167
4620693218556181706-b6fbebbb0e2fd9e332243a0259436ff8-22031109_JPG.rf.1882942ab674c01f29b8678eec81c12d.jpg,416,416,Raw,68,170,180,240
DSC03086_JPG.rf.1bbfa75094c8705261ab35a83486bf3c.jpg,416,416,Dark Roast,58,99,410,232
DSC02934_JPG.rf.17de23274a98ee59be68a601ef0fc26a.jpg,416,416,Medium Roast,5,132,360,353
DSC02910_JPG.rf.1ac09ed0a86f22e4c8e25c3613cb008d.jpg,416,416,Medium Roast,7,145,271,258
DSC03087_JPG.rf.1c5b39629d1cbf78990513e17322377c.jpg,416,416,Dark Roast,47,119,416,310
DSC02928_JPG.rf.1779973bab6afb7a14e2e719e2969fdf.jpg,416,416,Medium Roast,54,146,410,275
DSC03196_JPG.rf.18fd46ff59e98b4db5793412cd97ebdb.jpg,416,416,Dark Roast,0,281,224,415
DSC03289_JPG.rf.17ff9cd4b847aeefa8cac1a731311fd1.jpg,416,416,Raw,79,95,416,341
LINE_ALBUM_220329_23_0_jpg.rf.1bc433a00ff132ad671c520ceeda4a04.jpg,416,416,Medium Roast,0,0,362,412
LINE_ALBUM_220329_134_jpg.rf.1d16fb537dc09ec34a4fc7508f365585.jpg,416,416,Dark Roast,5,58,416,382
DSC03156_JPG.rf.1c6fa5c17dc84b30eeb53f58a9adcd29.jpg,416,416,Dark Roast,198,61,416,222
LINE_ALBUM_220322_8_jpg.rf.1d25e81ac9be1fd84c2f2bce3569d9e7.jpg,416,416,Raw,15,99,412,380
DSC03286_JPG.rf.19eedbf75d784c7383eeaa367827b859.jpg,416,416,Raw,93,131,416,372
LINE_ALBUM_220329_117_jpg.rf.1b92b2b5351bfba429270829471e5ce4.jpg,416,416,Medium Roast,156,39,268,334
DSC03130_JPG.rf.1a2e9dc8a1287d57a95e867a79347b28.jpg,416,416,Dark Roast,108,85,416,285
DSC03241_JPG.rf.1ceeee77096366a760ab3e07f9a8bde6.jpg,416,416,Dark Roast,88,165,310,304
4620693218556181731-28586171fc12500a7aa3abac9ad5002e-22031109_JPG.rf.160750d5e32c87a862d5b4eca5f79762.jpg,416,416,Raw,235,235,310,272
DSC03247_JPG.rf.1cea41d1b9343a3647c5eca2a89cd36f.jpg,416,416,Dark Roast,20,167,254,278
4620693218556181757-5741f370118532d4d473d7c9c482c673-22031109_JPG.rf.1accd17bef321ee5c64f8a4dbd7f6e2d.jpg,416,416,Raw,34,4,285,412
4620693218556181757-5741f370118532d4d473d7c9c482c673-22031109_JPG.rf.1accd17bef321ee5c64f8a4dbd7f6e2d.jpg,416,416,Medium Roast,299,10,416,416
4620693218556181731-b783169d59392d48d263d2362ad2ab08-22031109_JPG.rf.1cd79958daca0114cc63e26d678ad045.jpg,416,416,Raw,102,179,401,266
LINE_ALBUM_220329_85_jpg.rf.1af2848f5e754db80b068b706a8ef426.jpg,416,416,Dark Roast,0,45,416,341
DSC02981_JPG.rf.1d34e8b9347255c6339095a2eee3043a.jpg,416,416,Medium Roast,3,188,303,413
LINE_ALBUM_220329_58_jpg.rf.62c2900f37ee47b829510f097bf017de.jpg,416,416,Medium Roast,7,31,416,337
LINE_ALBUM_220329_36_jpg.rf.61541e99a5900f41cdf8e7db6c9f2ed2.jpg,416,416,Dark Roast,0,50,416,326
LINE_ALBUM_220329_131_jpg.rf.62acc59a75674557464532d1e146d7a3.jpg,416,416,Medium Roast,14,52,401,397
LINE_ALBUM_220327_90_jpg.rf.63f2b4d7fc471c174c7524ecf49c984e.jpg,416,416,Raw,13,27,416,363
LINE_ALBUM_220327_77_jpg.rf.61c95ab0743f2df9b180e709d81fcfdb.jpg,416,416,Raw,3,33,416,334
DSC03031_JPG.rf.637ee27c8492c45ab7bebef71c81044f.jpg,416,416,Dark Roast,108,217,250,281
4620693218556181706-c11a6cebea5a7ae3ab6d19e5b8176046-22031109_JPG.rf.65889f41b138d5c07c20cded5eda9fba.jpg,416,416,Dark Roast,143,211,301,325
LINE_ALBUM_220327_64_jpg.rf.62ab678451b5ceddfa1e13d1330660cf.jpg,416,416,Raw,0,74,416,320
LINE_ALBUM_220329_4_0_jpg.rf.647a0c8bdf08a225fd51d7a5e1888306.jpg,416,416,Medium Roast,87,147,416,416
LINE_ALBUM_220327_111_jpg.rf.65da63517cbe33c419f198e2ab797935.jpg,416,416,Raw,0,3,416,376
LINE_ALBUM_220329_96_jpg.rf.614a11aeee062db921a30c7feadfd779.jpg,416,416,Dark Roast,0,36,416,368
4620693218556181731-53d1444b7622e99cabe50368d904f3e0-22031109_JPG.rf.641142b9b737fe476904b990b8e612ae.jpg,416,416,Raw,120,187,392,265
DSC03150_JPG.rf.61a58d9015ff5a45cd42cb5a3e685901.jpg,416,416,Dark Roast,0,107,416,250
DSC03141_JPG.rf.6131ec783fc32266a442f43c6bbce22f.jpg,416,416,Dark Roast,3,35,416,247
LINE_ALBUM_220327_87_jpg.rf.675cea2d713c410e8010faea51dc44b3.jpg,416,416,Raw,2,0,416,416
DSC02824_JPG.rf.678a6d0269291b91df22c3df3077335c.jpg,416,416,Medium Roast,93,141,416,239
4620693218556181757-b10deedb32fa54e5bb92a80585cec726-22031110_JPG.rf.66ca3075a81b94661960b5ab0442930b.jpg,416,416,Medium Roast,133,145,352,219
4620693218556181757-b10deedb32fa54e5bb92a80585cec726-22031110_JPG.rf.66ca3075a81b94661960b5ab0442930b.jpg,416,416,Raw,181,227,357,356
DSC02986_JPG.rf.6680db6c55253e0c66e28e36fa6c0c32.jpg,416,416,Medium Roast,49,123,397,348
LINE_ALBUM_220329_47_jpg.rf.65d5fdc1b425854598fa8d244155eaf3.jpg,416,416,Dark Roast,0,53,416,416
LINE_ALBUM_220329_21_jpg.rf.66fd5f726dfea8ec9f2a65ce0b30e7da.jpg,416,416,Dark Roast,38,3,413,350
LINE_ALBUM_220327_53_jpg.rf.67dad745f755539109518d29078909a3.jpg,416,416,Raw,57,41,338,305
LINE_ALBUM_220329_29_0_jpg.rf.680193b680e4660dc9f1bbd19887388e.jpg,416,416,Dark Roast,55,178,416,416

DSC03184_JPG.rf.6c5df458b61328f4992cc5fbc5c2723b.jpg,416,416,Dark Roast,151,222,354,370
DSC02870_JPG.rf.68c86978b40ee52d6b95f5c138889bf7.jpg,416,416,Medium Roast,98,52,415,283
DSC03440_JPG.rf.6c0ecbed7e26f424df7619b7920a4ce6.jpg,416,416,Raw,115,149,416,356
DSC02940_JPG.rf.6a5f35063dff3110ad537bf18995d70e.jpg,416,416,Medium Roast,2,68,399,368
LINE_ALBUM_220327_81_jpg.rf.68599cc7ccbd341c8bed68881da29d3e.jpg,416,416,Raw,2,32,416,353
DSC03000_JPG.rf.68b8c1e1348f26a3589d84b3f68b0892.jpg,416,416,Medium Roast,7,197,321,329
LINE_ALBUM_220329_35_0_jpg.rf.6a3d67d95cdb3bf08111678543f796ab.jpg,416,416,Dark Roast,61,78,416,416
DSC03046_JPG.rf.68dc77c48e3dce4172dbd44d082297a2.jpg,416,416,Dark Roast,74,183,416,237
LINE_ALBUM_220322_0_jpg.rf.6b07a84433e523e2fa677307f5313ace.jpg,416,416,Raw,52,2,416,416
LINE_ALBUM_220329_25_jpg.rf.69fc6c51f35110534b326f1e603e7202.jpg,416,416,Medium Roast,93,103,356,416
DSC03090_JPG.rf.6dadf7a385674f137481a3fd3d08a03d.jpg,416,416,Dark Roast,180,0,416,185
LINE_ALBUM_220329_10_jpg.rf.6920900633250f37350ce3a658b65ab0.jpg,416,416,Dark Roast,0,51,416,360
4620693218556181706-fa8417c7eba8245cbe09857aedf6a0c6-22031109_JPG.rf.6c8bde11f756939df4d1ff15b9a00214.jpg,416,416,Dark Roast,2,193,242,406
4620693218556181706-f73dc79cb41e23f002b7c8a0d03ed506-22031109_JPG.rf.69b3569dfb04596cb6ba5e8fa824784c.jpg,416,416,Dark Roast,156,56,315,188
4620693218556181706-f73dc79cb41e23f002b7c8a0d03ed506-22031109_JPG.rf.69b3569dfb04596cb6ba5e8fa824784c.jpg,416,416,Raw,136,205,316,309
4620693218556181731-8e2606d8c65a03aea17a1c1d8af2674d-22031110_JPG.rf.6c23ed2da5ba8d6d5c05540e168fec7b.jpg,416,416,Raw,151,358,416,406
4620693218556181731-8e2606d8c65a03aea17a1c1d8af2674d-22031110_JPG.rf.6c23ed2da5ba8d6d5c05540e168fec7b.jpg,416,416,Medium Roast,163,296,390,353
DSC03207_JPG.rf.6bca9573e2e48a6af129a174965c9fb7.jpg,416,416,Dark Roast,3,187,270,332
LINE_ALBUM_220329_93_jpg.rf.6d8b918bc6649511c032b8b96055ad70.jpg,416,416,Medium Roast,0,32,416,360
DSC02947_JPG.rf.69d02da9930d101a0c8a915ac8861446.jpg,416,416,Medium Roast,104,0,416,372
LINE_ALBUM_220329_16_jpg.rf.696373c503789d15ac54de150bc6a8b6.jpg,416,416,Dark Roast,63,41,411,387
DSC03313_JPG.rf.6e704fa8657e45af592ebaa96e6425cb.jpg,416,416,Raw,126,191,250,248
4620693218556181706-9576380590faf1a2bf5de3095198420a-22031109_JPG.rf.6afc3deccbd2fde58551d1a02a076d30.jpg,416,416,Dark Roast,99,46,210,238
4620693218556181706-9576380590faf1a2bf5de3095198420a-22031109_JPG.rf.6afc3deccbd2fde58551d1a02a076d30.jpg,416,416,Raw,53,247,197,385
LINE_ALBUM_220322_2_jpg.rf.6d980e01f00c3ee22874c334e59abd74.jpg,416,416,Raw,129,39,416,374
LINE_ALBUM_220329_22_0_jpg.rf.6ec7fe5026a3e28083bc6d5a7b47ffe8.jpg,416,416,Medium Roast,0,0,415,343
LINE_ALBUM_220329_136_jpg.rf.6d7917ab68bfa37888c107f917567786.jpg,416,416,Medium Roast,271,14,416,149
LINE_ALBUM_220329_136_jpg.rf.6d7917ab68bfa37888c107f917567786.jpg,416,416,Medium Roast,0,13,171,173
LINE_ALBUM_220329_136_jpg.rf.6d7917ab68bfa37888c107f917567786.jpg,416,416,Medium Roast,171,192,377,385
4620693218556181706-95d1828f72b6cdf5c521effb8b0626e1-22031109_JPG.rf.676959a6ab38aa5f761b106cae93eb2b.jpg,416,416,Dark Roast,138,66,296,204
4620693218556181706-95d1828f72b6cdf5c521effb8b0626e1-22031109_JPG.rf.676959a6ab38aa5f761b106cae93eb2b.jpg,416,416,Raw,128,209,304,320
LINE_ALBUM_220329_12_jpg.rf.6fe32ae830133c5f270087b321df3777.jpg,416,416,Dark Roast,0,81,416,416
DSC02906_JPG.rf.6f3cc36144a84e634fb931bfe0c303f7.jpg,416,416,Medium Roast,27,172,332,340
4620693218556181731-45e04ad9ad545e32432438abae21858c-22031110_JPG.rf.6985fdf52e1a8a63c8f5529dc8561479.jpg,416,416,Raw,249,177,338,215
LINE_ALBUM_220329_134_jpg.rf.6fb1ceae0c0a1a7856b10402e3d187d1.jpg,416,416,Medium Roast,84,26,363,389
LINE_ALBUM_220329_148_jpg.rf.70717dda0804332bf94855f7f8d20c67.jpg,416,416,Medium Roast,75,3,370,399
DSC02909_JPG.rf.70cf7c72e82ed0f3602ef4a9e2748be4.jpg,416,416,Medium Roast,0,115,356,290
DSC03187_JPG.rf.700cb30b9fa9e2694cc9f2db5cc2aad0.jpg,416,416,Dark Roast,24,207,197,336
DSC03034_JPG.rf.70d72c65cb5bda166b69e4424639841b.jpg,416,416,Dark Roast,114,222,265,282
DSC03445_JPG.rf.705c7d61a9d808ced1505d8cee24d1a3.jpg,416,416,Raw,126,92,416,233
DSC03344_JPG.rf.6f6d82e5da330f9d0f9d6b42e970a551.jpg,416,416,Raw,137,190,259,246
LINE_ALBUM_220329_11_0_jpg.rf.73989576517c7539ab5b51c1ad807fc5.jpg,416,416,Dark Roast,0,33,416,379
LINE_ALBUM_220329_0_jpg.rf.75434d28ff4ff14a63306aaef64b6716.jpg,416,416,Medium Roast,91,39,350,398
DSC03327_JPG.rf.7365596012cccaa4fe088c00f36c9303.jpg,416,416,Raw,116,194,219,242
4620693218556181706-6b18797c5236b70d39faf670657e4cff-22031109_JPG.rf.6fd1c118c12943dc6d0edbbc18cea97c.jpg,416,416,Dark Roast,73,38,391,366
DSC03125_JPG.rf.71e03ef5f0f38186cb71fa030955906b.jpg,416,416,Dark Roast,214,35,416,156
DSC03331_JPG.rf.7087b1f32239f7be59e0f57adf7b7b5c.jpg,416,416,Raw,119,197,223,248
DSC02951_JPG.rf.6f7b103894fcc48bff6b2ecee933ebcb.jpg,416,416,Medium Roast,300,83,415,287
DSC02863_JPG.rf.6eecc1f18459f7dc1c2d553d4c942d04.jpg,416,416,Medium Roast,126,127,317,246
LINE_ALBUM_220329_108_jpg.rf.7752b5b5a8253cedac8ef431b565761e.jpg,416,416,Dark Roast,46,17,398,162
LINE_ALBUM_220329_108_jpg.rf.7752b5b5a8253cedac8ef431b565761e.jpg,416,416,Light Roast,20,261,348,364
LINE_ALBUM_220329_42_0_jpg.rf.770a2817957e7c4c4abf079fa1afa067.jpg,416,416,Medium Roast,107,41,352,362
DSC03020_JPG.rf.75cf341617ebf84a16bb28703d786f66.jpg,416,416,Medium Roast,0,106,248,340
DSC03322_JPG.rf.75830e39ca5c0072b5637a622e2dd642.jpg,416,416,Raw,125,197,216,236
DSC02859_JPG.rf.75c0ffc67c1afe5d08a5394d557f8459.jpg,416,416,Medium Roast,49,5,397,213
DSC03264_JPG.rf.76519153fe9c8a576e7d4310dfc2e781.jpg,416,416,Raw,6,169,274,330
DSC03270_JPG.rf.7b0c4a54cd86ca9aa3dbfe5edded3478.jpg,416,416,Raw,10,146,282,235
LINE_ALBUM_220329_29_0_jpg.rf.77edb47057251d75982ddd9578104174.jpg,416,416,Medium Roast,68,94,416,416
DSC03405_JPG.rf.77b379beb1e01837b5c6c51275a8ad3c.jpg,416,416,Raw,55,65,416,225
LINE_ALBUM_220329_48_jpg.rf.7b48b3bd3c412f789f9e715d772fa3d2.jpg,416,416,Medium Roast,51,25,416,416
DSC02916_JPG.rf.787b80994d8f4a1e33cf16e03e9ffbfd.jpg,416,416,Medium Roast,164,163,406,328
LINE_ALBUM_220329_73_jpg.rf.7aab13eba51511614e3b2b22ece8db97.jpg,416,416,Dark Roast,0,24,416,357
DSC03228_JPG.rf.7935cb6e9e6782b930da33a1c1fef13d.jpg,416,416,Dark Roast,7,209,328,365
LINE_ALBUM_220329_123_jpg.rf.7ad1ccb0e94751a1ada54eb5bbb04c68.jpg,416,416,Dark Roast,0,109,415,416
DSC03002_JPG.rf.7a644c781214a65410eb5ab0d91f33dd.jpg,416,416,Medium Roast,71,179,395,322
DSC03408_JPG.rf.79e4d495f744f6271fed42b494c52584.jpg,416,416,Raw,77,219,355,352
LINE_ALBUM_220329_8_jpg.rf.784178a93087f0584b7a756d77fdcbe8.jpg,416,416,Dark Roast,67,163,379,290
4620693218556181706-dd6f4b42ae8c27743fe260554760ee50-22031109_JPG.rf.7932315b37629658c61e07a55a8045dc.jpg,416,416,Raw,141,241,336,351
4620693218556181706-dd6f4b42ae8c27743fe260554760ee50-22031109_JPG.rf.7932315b37629658c61e07a55a8045dc.jpg,416,416,Dark Roast,142,75,320,223
DSC02854_JPG.rf.7a57dbc10c818c9a807eb4082fe64254.jpg,416,416,Medium Roast,0,56,247,321
4620693218556181706-57f244a3b34648ad0630ae83a7056c08-22031110_JPG.rf.79d381c63d9d1a62f5c9d46ba3948e39.jpg,416,416,Dark Roast,209,151,268,192
4620693218556181706-57f244a3b34648ad0630ae83a7056c08-22031110_JPG.rf.79d381c63d9d1a62f5c9d46ba3948e39.jpg,416,416,Raw,206,201,275,240
DSC03413_JPG.rf.78c6a43ea9fcedc406ffc77b56165374.jpg,416,416,Raw,41,91,416,198
4620693218556181731-e798af1de1f5ff3bc65579179149dbc9-22031110_JPG.rf.7af70add9449251abae86cb5a537e14c.jpg,416,416,Raw,201,252,318,291
DSC02949_JPG.rf.7beaf635c66ae84b86f2fb1a7a25028b.jpg,416,416,Medium Roast,177,69,416,387
4620693218556181731-04574091422e35379030e57da6d801ba-22031110_JPG.rf.7bf96dc0b32d1e6191d6da212e6aceb0.jpg,416,416,Raw,156,178,306,213
DSC03333_JPG.rf.792deb4d775d055a61e3b01913d8c93b.jpg,416,416,Raw,101,195,207,245
DSC03381_JPG.rf.7bf7d51a2886b5242e7ff8a074d14b2e.jpg,416,416,Raw,137,146,416,259
DSC02918_JPG.rf.77e3b0085074fd5b97d87c0119b53f58.jpg,416,416,Medium Roast,154,117,381,268
LINE_ALBUM_220329_45_0_jpg.rf.7827932cdda60639869f875e07717285.jpg,416,416,Dark Roast,0,43,416,345
4620693218556181731-0fe171a7a5ade180d5c99878a3b533e9-22031110_JPG.rf.80dde9e5d363ccb2de7472bef7580a03.jpg,416,416,Raw,0,177,237,416
DSC03231_JPG.rf.7baef1ebd303b72556f48a2c28f67f3c.jpg,416,416,Dark Roast,0,148,416,307
DSC03162_JPG.rf.81773aee01583ba0100341647386821d.jpg,416,416,Dark Roast,0,121,320,177
LINE_ALBUM_220329_74_jpg.rf.7cdb09da630b827076c28411edcb18cc.jpg,416,416,Dark Roast,0,40,416,351
DSC03081_JPG.rf.800e2ce5d900cb9276cb1e2dc1038696.jpg,416,416,Dark Roast,167,50,415,258
LINE_ALBUM_220322_24_jpg.rf.812819de6050f0d4f5f881d8333aa809.jpg,416,416,Raw,2,21,349,416
DSC03226_JPG.rf.7c38cc0be8ef6be0b46f0fd01177f000.jpg,416,416,Dark Roast,16,214,416,378
LINE_ALBUM_220327_113_jpg.rf.7d1e043c581a16fecd8afb6b831117f8.jpg,416,416,Raw,103,138,336,232
4620693218556181757-a27d66e4f75177caa19c96a685b02245-22031110_JPG.rf.822f5bef50dc83ee37d2a0fb1330c484.jpg,416,416,Medium Roast,111,110,349,365
LINE_ALBUM_220329_8_jpg.rf.80ab563c5c2b5c52f776ce7ee05b05c6.jpg,416,416,Medium Roast,103,64,322,402
LINE_ALBUM_220329_150_jpg.rf.7d47ace3771c6b20a606604f389ba4a4.jpg,416,416,Medium Roast,0,107,416,414
DSC03138_JPG.rf.82161547932da10d879a9339831be762.jpg,416,416,Dark Roast,7,46,400,201
DSC03091_JPG.rf.7c0ef2c4c23bba2fb602d10a70a65af2.jpg,416,416,Dark Roast,162,0,413,143
LINE_ALBUM_220329_14_0_jpg.rf.836758860ab8c75e4dd48522558339e8.jpg,416,416,Medium Roast,111,74,328,416
DSC03360_JPG.rf.80e28dfdd38ca77b3f8ec1792c525b1c.jpg,416,416,Raw,137,174,277,250
LINE_ALBUM_220322_31_jpg.rf.81548e3fbcd801032d826be5e7721f28.jpg,416,416,Raw,190,66,416,416
LINE_ALBUM_220329_75_jpg.rf.82a3ecae98d02cf5fe54e5b7621ed359.jpg,416,416,Medium Roast,1,32,416,368
DSC03205_JPG.rf.80e7779911c9c5bdca0ec8bce2f6e389.jpg,416,416,Dark Roast,38,173,324,371
LINE_ALBUM_220329_55_jpg.rf.7dbf34385c37c0fb78f4b515a85f3fff.jpg,416,416,Dark Roast,1,48,416,340
DSC03364_JPG.rf.82c46fe265b1a040c0c49d8009503afd.jpg,416,416,Raw,117,180,327,228
LINE_ALBUM_220329_56_jpg.rf.8271277b3490ba4b1a657af5f959b2ff.jpg,416,416,Medium Roast,25,46,416,308
DSC03298_JPG.rf.835d73752677c89d43ab9abe971140c6.jpg,416,416,Raw,1,140,273,258
LINE_ALBUM_220329_6_0_jpg.rf.7fb03588c4e6711670ebf62cf4016874.jpg,416,416,Medium Roast,17,95,321,416
DSC03143_JPG.rf.7eb132bf9a70ea716664900f141eae17.jpg,416,416,Dark Roast,37,61,416,233
DSC03407_JPG.rf.842f5bc25d3823b6d794390e752bce1e.jpg,416,416,Raw,70,201,350,347
DSC03177_JPG.rf.833c7433708a625a47592dee807b8305.jpg,416,416,Dark Roast,0,194,304,376
DSC03402_JPG.rf.856a1bb25ddba739e6c7cc55ff82019d.jpg,416,416,Raw,0,95,416,314
DSC03175_JPG.rf.83fa33c0567cd4121538df72e30a0a7e.jpg,416,416,Dark Roast,10,252,264,416
DSC03417_JPG.rf.88db061686b8477d30863deea55e352c.jpg,416,416,Raw,44,211,394,313
DSC02857_JPG.rf.86d6aeea1403bf3ea7c2c4fa144696ff.jpg,416,416,Medium Roast,2,61,364,311
DSC02922_JPG.rf.8659c2b433585bc2447ace5444e93b91.jpg,416,416,Medium Roast,16,164,389,267
LINE_ALBUM_220329_149_jpg.rf.85a25a95018e16d765d34ba642d17176.jpg,416,416,Medium Roast,7,101,415,292
LINE_ALBUM_220327_88_jpg.rf.8a473b45ade184bc99267216b08d0e99.jpg,416,416,Raw,0,63,416,325
LINE_ALBUM_220327_93_jpg.rf.8a110982dcd433322b0e89a5815bd476.jpg,416,416,Raw,0,58,401,384
4620693218556181731-8dfebd5a69e6941008092f957dacea2a-22031109_JPG.rf.838f5909ec3a04207fd53167bee74156.jpg,416,416,Raw,224,231,311,271
LINE_ALBUM_220329_64_jpg.rf.87f930ab2902eaebaeee24bf3cbfa3f9.jpg,416,416,Dark Roast,1,36,416,366
LINE_ALBUM_220329_1_jpg.rf.85461c0ba6fcabc015a4522e95a790ad.jpg,416,416,Dark Roast,133,62,416,416
4620693218556181706-6990ffd5cb1c773be186f5e632671ca2-22031109_JPG.rf.8463ae9e2beb5cae99b3307bbeb8d1e5.jpg,416,416,Dark Roast,132,141,287,309
DSC03110_JPG.rf.87c579aa9a68c06d3a2d36f8f4ecfa70.jpg,416,416,Dark Roast,160,93,416,261
DSC03481_JPG.rf.882a8c7fb6c62c9fd672f92d54507758.jpg,416,416,Raw,5,192,362,416
DSC03426_JPG.rf.839405226b7f942e2d0c151f32423883.jpg,416,416,Raw,156,118,416,352
LINE_ALBUM_220329_54_jpg.rf.8af2f7f818d75976df58026ef8187ffe.jpg,416,416,Dark Roast,9,98,401,340
LINE_ALBUM_220329_116_jpg.rf.892be28f2486b164c3cdf90f10a46229.jpg,416,416,Medium Roast,10,64,415,274
DSC02819_JPG.rf.840e8d02b77908f83274383a6f5224a0.jpg,416,416,Medium Roast,105,184,250,205
LINE_ALBUM_220322_16_jpg.rf.8433dded9899447e3b55ffa3169f317d.jpg,416,416,Raw,85,122,415,415
DSC03148_JPG.rf.86e4912e5b5368bab3ca3ac1128a2c0e.jpg,416,416,Dark Roast,0,50,336,225
LINE_ALBUM_220327_72_jpg.rf.88a287c2d604d213be4484220939d845.jpg,416,416,Raw,13,69,416,380
4620693218556181731-6d3fad6de82be6595f5c6305ad267a9e-22031110_JPG.rf.89868c44331fa3ba1254a03b4adc6829.jpg,416,416,Raw,200,210,374,331
LINE_ALBUM_220329_15_jpg.rf.8a96989582add499a92cab3ac83e71c9.jpg,416,416,Dark Roast,30,2,416,302
4620693218556181731-1069f8fe148071ca07c23af1dd0e71bb-22031109_JPG.rf.8adae7003c4f4468eb7f34716bcf51b1.jpg,416,416,Raw,137,261,272,335
DSC03294_JPG.rf.8ade075c9fb6963bc8a6110574fd8b87.jpg,416,416,Raw,30,157,413,353
DSC03208_JPG.rf.8d7eb2b2bfddc96fd3594ad83e8f2953.jpg,416,416,Dark Roast,0,217,277,364
LINE_ALBUM_220329_141_jpg.rf.8d36f18b8936abf9ab95fe79c80a86f1.jpg,416,416,Medium Roast,15,51,416,387
LINE_ALBUM_220327_67_jpg.rf.8dc37a93b479924ca4d3f7dc873c38da.jpg,416,416,Raw,7,26,416,367
LINE_ALBUM_220329_5_0_jpg.rf.8b15a4e7d70c40f57b8a27b7418f4a93.jpg,416,416,Dark Roast,0,50,416,416
DSC03398_JPG.rf.8e21c606e781a91da08657f2e4fb09d3.jpg,416,416,Raw,15,148,380,257
LINE_ALBUM_220329_140_jpg.rf.8ddb8918c0c5231863ee2c03836cdb38.jpg,416,416,Dark Roast,5,73,416,343
DSC03348_JPG.rf.8d57f95b73794e6a42fb75e53f171cb3.jpg,416,416,Raw,86,186,208,246
DSC03025_JPG.rf.8b9d53ca8a3bef07cb125e7d25f76ad6.jpg,416,416,Dark Roast,10,199,373,328
DSC03127_JPG.rf.8a539b6459f4828869072b69434b3330.jpg,416,416,Dark Roast,186,58,416,258
4620693218556181706-26721b877b9d6ba0da11ec056cbc4771-22031109_JPG.rf.79e4c09904ed80b4c6afadf0dd5b69d8.jpg,416,416,Dark Roast,56,58,186,179
4620693218556181706-26721b877b9d6ba0da11ec056cbc4771-22031109_JPG.rf.79e4c09904ed80b4c6afadf0dd5b69d8.jpg,416,416,Raw,47,185,195,269
DSC02956_JPG.rf.9003477ea0e2a95b0a5ba32bb751670c.jpg,416,416,Medium Roast,13,163,222,355
DSC02827_JPG.rf.9054ef7afb787459dc2fd63ef3c35253.jpg,416,416,Medium Roast,86,99,403,195
LINE_ALBUM_220322_15_jpg.rf.88fec235e82090a07ff48daf9a5741b8.jpg,416,416,Raw,33,56,416,333
LINE_ALBUM_220327_75_jpg.rf.8e6296e760ff5841e81c914c2fd873f6.jpg,416,416,Raw,27,38,416,357
DSC02998_JPG.rf.91d2eb44dce577fe68977b0494af48a2.jpg,416,416,Medium Roast,3,106,289,242
DSC03009_JPG.rf.8e9ffdcf1574f5568116e1f2190cfbc1.jpg,416,416,Medium Roast,101,174,277,283
DSC03131_JPG.rf.8d56dba7a8a3bb5812831c8416eaa487.jpg,416,416,Dark Roast,7,108,416,300
LINE_ALBUM_220329_10_jpg.rf.919215ec2c23a85288744f6597f44d41.jpg,416,416,Medium Roast,85,41,371,416
LINE_ALBUM_220329_158_jpg.rf.941b99ded0f4c0160b3bf5fe442b7f07.jpg,416,416,Medium Roast,5,108,415,415
DSC03399_JPG.rf.918e6595dd7cb3e349c84fc490fec8c6.jpg,416,416,Raw,10,152,416,257
DSC03484_JPG.rf.93d54129a40c5a36da0b779e2e64d6aa.jpg,416,416,Raw,154,204,416,416
LINE_ALBUM_220329_8_0_jpg.rf.918343cf528be478802d89c18d4c2f7a.jpg,416,416,Medium Roast,142,72,409,373
LINE_ALBUM_220322_22_jpg.rf.8e5ec42cd27e1ec61b3a0c675a5617cc.jpg,416,416,Raw,176,15,415,415
4620693218556181757-3c173c3df439718385edf8555d9a9528-22031110_JPG.rf.8b313c60fdb56bf92f569752bb8bf18c.jpg,416,416,Medium Roast,184,176,400,335
DSC03163_JPG.rf.9348853b192952e60466ba46c3c5b6d3.jpg,416,416,Dark Roast,0,190,285,265
LINE_ALBUM_220329_34_0_jpg.rf.943394106144983bd956d9187b8f510f.jpg,416,416,Medium Roast,100,101,320,358
LINE_ALBUM_220329_107_jpg.rf.94bf2dd7fd892f987e1a60965e52d225.jpg,416,416,Medium Roast,0,18,416,290
4620693218556181706-7a31b1bf90ae19cd82eb172b3be14903-22031109_JPG.rf.948aceee7719e2e0d186b9f6fe898f2e.jpg,416,416,Dark Roast,52,103,371,337
DSC03142_JPG.rf.92cf2b59e9533dc8177fe91eed77433e.jpg,416,416,Dark Roast,20,76,416,248
LINE_ALBUM_220329_5_jpg.rf.942c405b0813f1f0531750272784122b.jpg,416,416,Medium Roast,104,52,349,389
LINE_ALBUM_220329_28_jpg.rf.8b94c1d18f168783e20c8d90ee2821d5.jpg,416,416,Dark Roast,3,0,415,415
LINE_ALBUM_220329_41_jpg.rf.93c2d6f23bbda28268b6592acf4fa058.jpg,416,416,Dark Roast,95,65,416,317
LINE_ALBUM_220329_109_jpg.rf.951ef65b8c33aa60410e0fc6d2201bbf.jpg,416,416,Medium Roast,0,69,416,313
LINE_ALBUM_220329_65_jpg.rf.97744b65011e6241566d12057a358845.jpg,416,416,Dark Roast,3,29,416,348
DSC03292_JPG.rf.956c520296f0b32bcd8c2693364d0cce.jpg,416,416,Raw,29,113,414,285
LINE_ALBUM_220329_35_0_jpg.rf.9629252d640b33c60c2f84d361823527.jpg,416,416,Medium Roast,95,89,333,387
LINE_ALBUM_220329_73_jpg.rf.92c3ac2b2dbb257e9868370550973b05.jpg,416,416,Medium Roast,0,25,413,342
LINE_ALBUM_220327_139_jpg.rf.9629a25d89160d9290e8dd7b111bf44c.jpg,416,416,Raw,17,111,399,370
DSC03134_JPG.rf.8c06287904011d356ebf5cbadc96a386.jpg,416,416,Dark Roast,47,63,416,285
LINE_ALBUM_220329_44_0_jpg.rf.8bc1e7f6cba7103c2cf733041b9f663e.jpg,416,416,Dark Roast,0,65,344,339
LINE_ALBUM_220329_15_0_jpg.rf.969315304415a154d4b2886472d58744.jpg,416,416,Dark Roast,1,22,416,211
DSC03227_JPG.rf.94ab7f58c06be87bbcd548b290331441.jpg,416,416,Dark Roast,9,142,296,297
LINE_ALBUM_220322_13_jpg.rf.9849ebb92d7693c3f56478c9d2593e8e.jpg,416,416,Raw,64,75,383,344
LINE_ALBUM_220322_46_jpg.rf.977680f359b2e46caa2e2a654b0c347a.jpg,416,416,Raw,10,2,357,262
LINE_ALBUM_220327_74_jpg.rf.994144f9e9542c20e94a8c9290d6f38d.jpg,416,416,Raw,37,4,416,374
DSC02825_JPG.rf.96c08e369385e05a4a96a9a6880969a8.jpg,416,416,Medium Roast,2,134,368,230
LINE_ALBUM_220322_20_jpg.rf.96db432d1e30fd761f8f98d3d2293402.jpg,416,416,Raw,109,74,416,416
4620693218556181731-e768d97a6e14580e5cf165ccb072b9b5-22031110_JPG.rf.972c7023a75297a32dfd5a205f001182.jpg,416,416,Raw,246,200,416,318
DSC03380_JPG.rf.8c4f7aae0fb0eb419cd4696f1a928649.jpg,416,416,Raw,151,149,416,264
LINE_ALBUM_220329_18_jpg.rf.981875f992bc17cad0de90f3485e9dc7.jpg,416,416,Medium Roast,103,24,331,395
DSC03152_JPG.rf.9969e1bc6b8a139f0cf37cb509a06641.jpg,416,416,Dark Roast,33,75,415,279
LINE_ALBUM_220329_127_jpg.rf.96bf84fea6bc15d10cbc998c156e6419.jpg,416,416,Dark Roast,36,0,403,366
DSC03257_JPG.rf.970a52b7bcaa64dc5cb190b1ae4274e3.jpg,416,416,Raw,193,188,416,358
DSC03458_JPG.rf.9989251ecd8650076af38b0f3473652d.jpg,416,416,Raw,217,219,371,295
DSC03251_JPG.rf.992d2d10dcfc180f99556530bb12bc90.jpg,416,416,Dark Roast,0,183,257,351
4620693218556181757-d9350d2f0422c9114ab522b3ec2272e7-22031110_JPG.rf.99c2100d87239b06cf775f4e242f0d04.jpg,416,416,Medium Roast,140,100,365,249
4620693218556181757-d9350d2f0422c9114ab522b3ec2272e7-22031110_JPG.rf.99c2100d87239b06cf775f4e242f0d04.jpg,416,416,Raw,65,227,332,379
LINE_ALBUM_220322_33_jpg.rf.9a710db9a25d08d9beb79fc0fd3121f2.jpg,416,416,Raw,107,1,324,415
DSC03053_JPG.rf.96ecc4b0f6254b007f783cde852bc2b7.jpg,416,416,Dark Roast,147,125,325,312
LINE_ALBUM_220329_16_jpg.rf.98834c4c0f5ab57ba576cd2b7c04f3aa.jpg,416,416,Medium Roast,84,29,337,393
4620693218556181731-fc03cedbde248de46a35107329979c03-22031109_JPG.rf.97e6f835e2a8c5298dc7091784e3268a.jpg,416,416,Raw,84,127,414,360
4620693218556181706-ae59a0f34e1f75ff456f5705ee38bc40-22031109_JPG.rf.9c057ab8e508818cf5c1df0651788078.jpg,416,416,Dark Roast,146,151,305,231
LINE_ALBUM_220329_23_jpg.rf.99eb87bb5c6252c5ee00d652bf216539.jpg,416,416,Dark Roast,0,55,416,416
LINE_ALBUM_220329_35_jpg.rf.9a748dd9d8cc694e89999f80d7554aff.jpg,416,416,Dark Roast,0,1,416,416
DSC02904_JPG.rf.9d14cc7f708b81405fe12d8fc9981527.jpg,416,416,Medium Roast,67,171,404,353
DSC02995_JPG.rf.9b7c641592ffccd4327ce252eb776279.jpg,416,416,Medium Roast,0,125,269,237
DSC03266_JPG.rf.99c19eabc8da575b303dfba448ec4e3d.jpg,416,416,Raw,0,130,262,222
LINE_ALBUM_220329_52_jpg.rf.9c3fd0b324c019deddf42d6af1dfc662.jpg,416,416,Medium Roast,0,25,416,336
DSC02879_JPG.rf.9bcdcdec22639b5d67d73f863e2094cd.jpg,416,416,Medium Roast,10,30,350,206
4620693218556181706-bcae67ff0b2198b24275dd2f8d606544-22031109_JPG.rf.9d84b1cda70e031e969b25c90437e6c9.jpg,416,416,Dark Roast,126,202,274,320
DSC02993_JPG.rf.9c3710b348207cc17934faeac4790ce6.jpg,416,416,Medium Roast,5,141,374,263
DSC02853_JPG.rf.99d000ce042c7b18f2804f0d5573675e.jpg,416,416,Medium Roast,12,105,221,368
LINE_ALBUM_220322_9_jpg.rf.9b2e1ea8d9725830cd89053c5d1c1bd3.jpg,416,416,Raw,8,135,365,368
DSC03434_JPG.rf.9f96d452152961fd324a959e09f2582e.jpg,416,416,Raw,147,112,416,314
LINE_ALBUM_220322_42_jpg.rf.a02dab0d37a7dd4c0c4383cdd9d08f33.jpg,416,416,Raw,101,0,305,416
LINE_ALBUM_220329_43_0_jpg.rf.9ff3d1d613942f131b25ed29c1db4a6c.jpg,416,416,Dark Roast,154,152,416,351
DSC03444_JPG.rf.a07c86372d28d7b7eb8961b3819e4fed.jpg,416,416,Raw,0,102,416,228
DSC03144_JPG.rf.9fd765793bde073e7ff45e0ed846f206.jpg,416,416,Dark Roast,37,56,416,234
DSC03172_JPG.rf.9df0ab24a183fa35431ef496e0a6f8e6.jpg,416,416,Dark Roast,44,213,263,382
DSC03336_JPG.rf.a2528c0c4612addf0b4d81623fd8e18a.jpg,416,416,Raw,115,202,217,241
4620693218556181706-13488760b46a816db640460c06ecb9bf-22031110_JPG.rf.a137abd5754fb63f2039b1bed1535c7d.jpg,416,416,Dark Roast,177,169,225,203
4620693218556181706-13488760b46a816db640460c06ecb9bf-22031110_JPG.rf.a137abd5754fb63f2039b1bed1535c7d.jpg,416,416,Raw,176,205,227,231
DSC03071_JPG.rf.a3c3df5721eadf232293e4b5b6053c5f.jpg,416,416,Dark Roast,4,42,415,210
DSC03457_JPG.rf.9878a1309bf6457da6526e4f85994e8e.jpg,416,416,Raw,187,225,328,297
DSC03153_JPG.rf.a05e47b25d88f6103fe140453a127dd8.jpg,416,416,Dark Roast,50,91,415,270
DSC02815_JPG.rf.9e7234ec4babfa26210adcaf31de3500.jpg,416,416,Medium Roast,0,160,231,242
DSC03192_JPG.rf.a22c142ad8b02bc9f02f6f0cc94999b1.jpg,416,416,Dark Roast,0,279,271,416
LINE_ALBUM_220327_101_jpg.rf.9d75c7b02443f306950055c2383aa1cd.jpg,416,416,Raw,7,134,416,391
LINE_ALBUM_220329_133_jpg.rf.a195347fbddcc18bcf247bb694dfa05a.jpg,416,416,Medium Roast,17,34,394,380
LINE_ALBUM_220329_24_jpg.rf.a198973379bef3c1fc32df478797718d.jpg,416,416,Dark Roast,7,76,416,416
DSC03468_JPG.rf.a1d5b806a184b7e73727eff5b5e86b5e.jpg,416,416,Raw,173,212,312,301
DSC03190_JPG.rf.9ee39119ef5c415cbf2aa6fee8c9ebaa.jpg,416,416,Dark Roast,11,200,255,359
LINE_ALBUM_220329_144_jpg.rf.a39f688d6c40767fc2e2a20e4adbff6e.jpg,416,416,Medium Roast,4,6,392,398
LINE_ALBUM_220329_46_0_jpg.rf.9d2bb01112ad7608cb186340b626f3b6.jpg,416,416,Medium Roast,93,46,357,333
DSC02881_JPG.rf.a513ae57b5ebe0ef524a311f66940933.jpg,416,416,Medium Roast,1,77,176,295
DSC03282_JPG.rf.a51b074db53936434098c29a190a71e7.jpg,416,416,Raw,37,146,415,385
LINE_ALBUM_220329_32_0_jpg.rf.9d260a3c1198ccffa37df41a6201d56e.jpg,416,416,Dark Roast,12,29,413,189
DSC02901_JPG.rf.a2a1e3db19de2c28f758650ac87c55d6.jpg,416,416,Medium Roast,50,213,330,372
LINE_ALBUM_220329_7_jpg.rf.a268c9b398347687da865a68c9512795.jpg,416,416,Dark Roast,119,58,416,332
LINE_ALBUM_220322_41_jpg.rf.a2b469264f688dcdc4afc9722ed6a474.jpg,416,416,Raw,101,4,416,371
LINE_ALBUM_220329_120_jpg.rf.a38047afd5801cda6ce1e127674ef673.jpg,416,416,Medium Roast,175,43,338,321
LINE_ALBUM_220329_112_jpg.rf.a56386b3ef085b70a1d16100e16360a4.jpg,416,416,Dark Roast,40,9,406,411
LINE_ALBUM_220329_58_jpg.rf.9c623193d8d7f5220f2d4f330c8cc846.jpg,416,416,Dark Roast,2,54,416,363
DSC03058_JPG.rf.a4d8f1e9c3b07860274ccd4794e50e2d.jpg,416,416,Dark Roast,140,86,416,250
LINE_ALBUM_220329_67_jpg.rf.9e320e17e0aa7f7369ebed90372a57e2.jpg,416,416,Dark Roast,2,40,416,352
DSC03379_JPG.rf.a3d21cb403707e0507db6534a552fcc3.jpg,416,416,Raw,81,171,416,275
LINE_ALBUM_220329_29_jpg.rf.a32485503d59a48aa7dfc63d1b75b435.jpg,416,416,Medium Roast,91,5,314,381